{"stats":{"minecraft:used":{"minecraft:chest":6,"minecraft:rotten_flesh":8,"minecraft:iron_chestplate":1,"minecraft:mutton":1,"minecraft:carrot":22,"born_in_chaos_v1:corpse_maggot":8,"born_in_chaos_v1:smoked_flesh":26,"minecraft:lava_bucket":13,"minecraft:stone_bricks":1,"minecraft:furnace":2,"minecraft:potato":2,"minecraft:diorite":1,"pfm:iron_freezer":1,"minecraft:stone_pickaxe":268,"minecraft:oak_planks":3,"minecraft:wooden_pickaxe":58,"minecraft:sandstone":1,"minecraft:white_wool":4,"minecraft:light_gray_terracotta":1,"minecraft:shears":1,"pfm:working_table":1,"minecraft:bread":3,"biomesoplenty:yellow_autumn_sapling":1,"tombstone:familiar_stone":1,"minecraft:andesite":13,"minecraft:smooth_stone_slab":1,"minecraft:bone_meal":51,"simplyswords:iron_warglaive":266,"minecraft:torch":268,"minecraft:dirt":9,"minecraft:cobblestone_wall":1,"minecraft:granite":4,"biomesoplenty:tall_lavender":1,"simplyswords:diamond_greathammer":152,"biomesoplenty:jacaranda_log":2,"tombstone:gift":5,"minecraft:cooked_beef":7,"minecraft:cobbled_deepslate":30,"minecraft:water_bucket":21,"minecraft:baked_potato":55,"minecraft:rail":4,"minecraft:crafting_table":9,"simplyswords:iron_twinblade":443,"minecraft:campfire":1,"minecraft:white_bed":1,"minecraft:oak_log":3,"tombstone:bag_of_seeds":2,"minecraft:iron_pickaxe":616,"minecraft:stone_axe":229,"minecraft:cobblestone":126,"minecraft:bucket":36,"alexsmobs:animal_dictionary":3},"minecraft:dropped":{"minecraft:lapis_lazuli":17,"minecraft:baked_potato":31,"minecraft:diamond":1,"born_in_chaos_v1:pieceofdarkmetal":2,"minecraft:birch_slab":4,"minecraft:cyan_terracotta":2,"born_in_chaos_v1:monster_flesh":1,"minecraft:jungle_sapling":1,"minecraft:iron_pickaxe":1,"minecraft:bone":14,"alexsmobs:centipede_leg":2,"minecraft:cobbled_deepslate":10,"minecraft:rotten_flesh":4,"supplementaries:flax_seeds":3,"supplementaries:ash":2,"minecraft:gunpowder":2,"minecraft:skeleton_skull":2,"born_in_chaos_v1:corpse_maggot":3,"born_in_chaos_v1:diamond_termite_shard":15,"simplyswords:diamond_greathammer":1,"minecraft:arrow":5,"born_in_chaos_v1:dark_rod":2,"minecraft:enchanted_book":1,"tetra:scroll_rolled":1,"minecraft:oak_fence":1,"minecraft:cobblestone":1,"minecraft:coal":73,"minecraft:stick":3,"minecraft:torch":7,"minecraft:brown_wool":1,"minecraft:zombie_head":2,"minecraft:spruce_sapling":3,"minecraft:redstone":107,"tombstone:familiar_stone":1,"minecraft:cobblestone_wall":2,"minecraft:raw_copper":218,"minecraft:raw_iron":119,"minecraft:torchflower_seeds":3,"minecraft:gray_terracotta":13,"minecraft:shield":1,"minecraft:iron_chestplate":1,"minecraft:mossy_stone_bricks":1,"minecraft:oak_sapling":4,"minecraft:stone_bricks":1,"minecraft:spider_eye":2,"minecraft:bow":1,"minecraft:stone_pickaxe":2,"minecraft:raw_gold":8},"minecraft:crafted":{"minecraft:oak_planks":68,"minecraft:birch_slab":24,"sophisticatedbackpacks:crafting_upgrade":1,"minecraft:iron_boots":1,"minecraft:raw_copper":108,"minecraft:chest":12,"pfm:iron_freezer":1,"minecraft:oak_slab":42,"sophisticatedbackpacks:backpack":1,"minecraft:crafting_table":1,"minecraft:spruce_planks":44,"minecraft:iron_helmet":1,"minecraft:wooden_pickaxe":1,"minecraft:baked_potato":86,"minecraft:copper_ingot":275,"minecraft:birch_planks":100,"minecraft:campfire":1,"sophisticatedbackpacks:upgrade_base":2,"pfm:working_table":1,"minecraft:iron_chestplate":3,"portablemobs:basic_capture_cell":3,"minecraft:charcoal":2,"minecraft:shield":1,"minecraft:stick":78,"born_in_chaos_v1:smoked_flesh":26,"minecraft:iron_ingot":100,"minecraft:iron_pickaxe":3,"minecraft:gold_ingot":57,"minecraft:shears":1,"toolbelt:belt":1,"minecraft:coal":54,"simplyswords:diamond_greathammer":1,"simplyswords:iron_twinblade":3,"minecraft:iron_nugget":9,"minecraft:furnace":1,"minecraft:bone_meal":51,"simplyswords:iron_warglaive":1,"minecraft:raw_copper_block":12,"minecraft:leather":8,"minecraft:stone_pickaxe":2,"minecraft:dark_oak_planks":6,"sophisticatedbackpacks:iron_backpack":1,"minecraft:cooked_beef":7,"minecraft:coal_block":6,"paraglider:paraglider":1,"minecraft:crossbow":1,"minecraft:bone":18,"minecraft:stone_axe":3,"born_in_chaos_v1:bone_heart":3,"minecraft:air":0,"minecraft:iron_leggings":3,"minecraft:white_bed":1,"minecraft:acacia_planks":4,"minecraft:torch":164,"minecraft:lapis_lazuli":108,"minecraft:lapis_block":12},"minecraft:picked_up":{"minecraft:seagrass":2,"minecraft:iron_chestplate":2,"minecraft:enchanted_book":3,"minecraft:string":59,"minecraft:raw_copper":528,"born_in_chaos_v1:dark_upgrade":2,"minecraft:smooth_stone_slab":1,"minecraft:iron_leggings":1,"biomesoplenty:tall_lavender":1,"minecraft:zombie_head":3,"minecraft:cobbled_deepslate":42,"minecraft:bucket":1,"minecraft:rose_bush":2,"minecraft:iron_pickaxe":1,"minecraft:furnace":3,"minecraft:stick":10,"born_in_chaos_v1:shattered_skull":5,"minecraft:oak_fence":1,"minecraft:torch":83,"minecraft:acacia_log":6,"paraglider:kakariko_goddess_statue":1,"tombstone:grave_dust":6,"minecraft:diorite":6,"alexsmobs:centipede_leg":6,"sophisticatedbackpacks:pickup_upgrade":1,"minecraft:quartz_block":2,"born_in_chaos_v1:fried_maggot":7,"minecraft:rotten_flesh":52,"minecraft:iron_block":2,"minecraft:cyan_terracotta":2,"supplementaries:ash":42,"minecraft:obsidian":2,"minecraft:iron_bars":16,"minecraft:cobblestone":160,"minecraft:birch_log":25,"minecraft:feather":1,"minecraft:birch_slab":2,"minecraft:andesite":13,"minecraft:brown_wool":1,"minecraft:potato":16,"paraglider:spirit_orb":12,"supplementaries:flax_seeds":6,"minecraft:lapis_lazuli":176,"minecraft:dirt":65,"minecraft:name_tag":1,"born_in_chaos_v1:monster_skin":4,"minecraft:bone":94,"minecraft:gray_terracotta":13,"minecraft:bow":1,"minecraft:wheat_seeds":5,"minecraft:raw_gold":49,"minecraft:mossy_stone_bricks":1,"minecraft:oak_planks":3,"minecraft:honeycomb":3,"minecraft:brain_coral":1,"minecraft:stripped_spruce_log":4,"alexsmobs:animal_dictionary":1,"minecraft:bundle":1,"minecraft:light_gray_terracotta":2,"tombstone:familiar_stone":2,"minecraft:diamond":15,"minecraft:granite":4,"minecraft:oak_sapling":9,"minecraft:chorus_fruit":1,"minecraft:crafting_table":9,"born_in_chaos_v1:diamond_termite_shard":34,"minecraft:chicken":1,"minecraft:nether_wart":49,"born_in_chaos_v1:seedof_chaos":1,"biomesoplenty:jacaranda_sapling":6,"minecraft:fire_coral":1,"born_in_chaos_v1:intoxicating_decoction":2,"minecraft:compass":1,"minecraft:beef":7,"born_in_chaos_v1:gnawed_bones":3,"minecraft:jungle_sapling":1,"minecraft:iron_nugget":8,"minecraft:poppy":1,"minecraft:sugar_cane":10,"minecraft:raw_iron":266,"minecraft:sandstone":1,"minecraft:oak_door":2,"minecraft:copper_ingot":36,"born_in_chaos_v1:pieceofdarkmetal":12,"minecraft:carrot":15,"minecraft:redstone":178,"minecraft:arrow":17,"biomesoplenty:jacaranda_log":24,"tombstone:essence_of_undeath":2,"minecraft:mutton":12,"minecraft:white_wool":9,"minecraft:skeleton_skull":3,"minecraft:rail":4,"born_in_chaos_v1:fused_bone":2,"born_in_chaos_v1:corpse_maggot":24,"born_in_chaos_v1:monster_flesh":3,"minecraft:salmon":1,"minecraft:leather":6,"minecraft:filled_map":1,"minecraft:oak_log":44,"minecraft:gunpowder":3,"minecraft:cobblestone_wall":3,"tombstone:gift":1,"minecraft:stone_bricks":9,"tombstone:bag_of_seeds":1,"minecraft:iron_ingot":1,"minecraft:stone_pickaxe":2,"tombstone:scroll_of_frost_resistance":1,"minecraft:tropical_fish_bucket":1,"minecraft:sweet_berries":10,"born_in_chaos_v1:ethereal_spirit":11,"minecraft:torchflower_seeds":9,"minecraft:gravel":9,"born_in_chaos_v1:dark_rod":4,"minecraft:spruce_sapling":3,"minecraft:spruce_log":7,"minecraft:spider_eye":5,"villagersplus:oceanographer_table":1,"simplyswords:diamond_greathammer":1,"minecraft:pumpkin_seeds":3,"tetra:geode":2,"minecraft:black_wool":2,"minecraft:coal":219,"minecraft:sunflower":4},"minecraft:mined":{"minecraft:jungle_leaves":1,"minecraft:granite":4,"minecraft:acacia_log":4,"minecraft:nether_wart":18,"minecraft:spawner":6,"minecraft:light_blue_stained_glass":3,"biomesoplenty:tall_lavender":1,"minecraft:iron_ore":162,"biomesoplenty:lavender":1,"minecraft:deepslate_lapis_ore":14,"minecraft:iron_bars":16,"biomesoplenty:jacaranda_leaves":55,"minecraft:deepslate_redstone_ore":9,"minecraft:quartz_block":2,"minecraft:cyan_terracotta":2,"minecraft:torch":18,"minecraft:light_gray_terracotta":2,"minecraft:cobblestone":18,"minecraft:sugar_cane":4,"minecraft:wall_torch":25,"minecraft:deepslate_copper_ore":26,"minecraft:birch_log":25,"minecraft:wheat":1,"paraglider:kakariko_goddess_statue":1,"biomesoplenty:maple_leaves":1,"minecraft:smooth_stone_slab":1,"minecraft:grass":12,"minecraft:oak_log":44,"minecraft:dirt":1,"minecraft:oak_leaves":16,"minecraft:deepslate":28,"biomesoplenty:reed":11,"villagersplus:oceanographer_table":1,"minecraft:diamond_ore":6,"minecraft:tuff":1,"minecraft:blue_stained_glass_pane":4,"minecraft:deepslate_diamond_ore":1,"born_in_chaos_v1:infected_diamond_ore":13,"minecraft:white_stained_glass":3,"minecraft:spruce_leaves":3,"minecraft:sandstone":1,"biomesoplenty:jacaranda_log":29,"minecraft:redstone_ore":21,"minecraft:furnace":2,"minecraft:carrots":4,"minecraft:andesite":19,"minecraft:stripped_spruce_log":4,"minecraft:deepslate_iron_ore":33,"minecraft:rail":2,"minecraft:stone":150,"minecraft:white_wool":4,"minecraft:acacia_leaves":2,"minecraft:glass_pane":5,"minecraft:crafting_table":8,"minecraft:rose_bush":1,"minecraft:lapis_ore":14,"minecraft:tall_grass":1,"minecraft:copper_ore":87,"minecraft:deepslate_coal_ore":22,"biomesoplenty:sprout":6,"minecraft:deepslate_gold_ore":18,"minecraft:diorite":8,"supplementaries:urn":30,"minecraft:cobblestone_wall":1,"biomesoplenty:yellow_autumn_leaves":1,"minecraft:sweet_berry_bush":4,"minecraft:spruce_log":7,"minecraft:birch_leaves":2,"minecraft:coal_ore":172,"minecraft:sunflower":4,"minecraft:gravel":7,"biomesoplenty:stringy_cobweb":1,"minecraft:cobweb":53,"minecraft:stone_bricks":9,"minecraft:mossy_stone_bricks":1,"minecraft:gold_ore":22,"minecraft:fern":6},"minecraft:killed_by":{"minecraft:player":1},"minecraft:broken":{"minecraft:iron_boots":1,"minecraft:iron_chestplate":1,"minecraft:iron_leggings":1,"simplyswords:iron_warglaive":1,"minecraft:stone_pickaxe":2,"simplyswords:iron_twinblade":1,"minecraft:stone_axe":2,"minecraft:wooden_pickaxe":1,"minecraft:iron_pickaxe":2,"minecraft:iron_helmet":1},"minecraft:custom":{"minecraft:interact_with_crafting_table":60,"minecraft:open_barrel":2,"minecraft:leave_game":9,"minecraft:time_since_death":85449,"minecraft:damage_resisted":158,"minecraft:sprint_one_cm":1503251,"minecraft:drop":77,"minecraft:talked_to_villager":3,"minecraft:play_time":494094,"minecraft:deaths":30,"minecraft:jump":4595,"minecraft:walk_on_water_one_cm":103319,"minecraft:interact_with_furnace":34,"minecraft:sleep_in_bed":6,"minecraft:damage_dealt":36364,"minecraft:crouch_one_cm":1093,"tombstone:undead_killed":75,"minecraft:interact_with_smoker":17,"minecraft:mob_kills":166,"minecraft:damage_dealt_resisted":477,"minecraft:climb_one_cm":11643,"minecraft:walk_one_cm":1310094,"minecraft:damage_dealt_absorbed":4,"minecraft:sneak_time":1788,"minecraft:walk_under_water_one_cm":62173,"minecraft:interact_with_blast_furnace":18,"minecraft:total_world_time":494094,"minecraft:time_since_rest":5790,"minecraft:damage_taken":12564,"minecraft:swim_one_cm":57089,"minecraft:fly_one_cm":772999,"minecraft:freezer_opened":3,"minecraft:open_chest":102,"minecraft:fall_one_cm":56248},"minecraft:killed":{"born_in_chaos_v1:zombie_clown":1,"minecraft:cave_spider":1,"born_in_chaos_v1:restless_spirit":7,"minecraft:spider":2,"born_in_chaos_v1:siamese_skeletonsright":1,"born_in_chaos_v1:baby_skeleton_minion":2,"minecraft:skeleton":17,"minecraft:guardian":1,"minecraft:chicken":1,"born_in_chaos_v1:skeleton_thrasher":3,"born_in_chaos_v1:bonescaller":1,"born_in_chaos_v1:diamond_termite":16,"minecraft:creeper":1,"minecraft:sheep":8,"minecraft:zombie":35,"born_in_chaos_v1:dread_hound":4,"born_in_chaos_v1:corpse_fly":18,"minecraft:cow":4,"born_in_chaos_v1:siamese_skeletonsleft":1,"born_in_chaos_v1:zombie_bruiser":1,"born_in_chaos_v1:maggot":15,"minecraft:phantom":9,"alexsmobs:underminer":1,"born_in_chaos_v1:fallen_chaos_knight":1,"born_in_chaos_v1:baby_skeleton":1,"born_in_chaos_v1:swarmer":2,"born_in_chaos_v1:decrepit_skeleton":9,"born_in_chaos_v1:dark_vortex":1}},"DataVersion":3465}