{"stats":{"minecraft:mined":{"minecraft:quartz_block":2,"minecraft:blue_stained_glass_pane":2,"minecraft:cyan_terracotta":2,"minecraft:jungle_leaves":1,"minecraft:white_stained_glass":3,"minecraft:cobblestone":3,"minecraft:tall_grass":1,"biomesoplenty:sprout":3,"minecraft:spawner":4,"minecraft:light_blue_stained_glass":2,"minecraft:furnace":1,"minecraft:carrots":4,"minecraft:birch_log":12,"minecraft:birch_leaves":2,"minecraft:stripped_spruce_log":4,"minecraft:grass":6,"minecraft:oak_log":1,"minecraft:sunflower":4,"minecraft:cobweb":1,"minecraft:stone_bricks":1,"minecraft:stone":17,"minecraft:mossy_stone_bricks":1,"minecraft:white_wool":4,"minecraft:fern":5,"minecraft:oak_leaves":4,"biomesoplenty:reed":11},"minecraft:used":{"minecraft:chest":2,"simplyswords:iron_warglaive":192,"minecraft:wooden_pickaxe":33,"minecraft:rotten_flesh":1,"minecraft:iron_chestplate":1,"minecraft:white_wool":4,"minecraft:torch":28,"minecraft:dirt":1,"minecraft:mutton":1,"minecraft:carrot":22,"minecraft:white_bed":1,"tombstone:bag_of_seeds":2,"born_in_chaos_v1:corpse_maggot":1,"minecraft:stone_axe":26,"tombstone:familiar_stone":1,"minecraft:cobblestone":10,"minecraft:furnace":1,"tombstone:gift":3,"alexsmobs:animal_dictionary":3,"minecraft:cooked_beef":3,"minecraft:bone_meal":51},"minecraft:custom":{"minecraft:interact_with_furnace":12,"minecraft:mob_kills":48,"minecraft:interact_with_crafting_table":16,"minecraft:open_barrel":2,"minecraft:damage_dealt_resisted":393,"minecraft:leave_game":1,"minecraft:time_since_death":5480,"minecraft:sleep_in_bed":1,"minecraft:climb_one_cm":3087,"minecraft:time_since_rest":5348,"minecraft:sprint_one_cm":429406,"minecraft:walk_one_cm":300667,"minecraft:damage_taken":3214,"minecraft:drop":12,"minecraft:damage_dealt":8681,"minecraft:talked_to_villager":2,"minecraft:damage_dealt_absorbed":4,"minecraft:swim_one_cm":5594,"minecraft:fly_one_cm":207333,"minecraft:open_chest":27,"minecraft:crouch_one_cm":358,"minecraft:play_time":103114,"tombstone:undead_killed":25,"minecraft:deaths":10,"minecraft:sneak_time":358,"minecraft:walk_under_water_one_cm":1117,"minecraft:jump":878,"minecraft:interact_with_smoker":4,"minecraft:walk_on_water_one_cm":15029,"minecraft:total_world_time":103114,"minecraft:fall_one_cm":17339},"minecraft:dropped":{"tetra:scroll_rolled":1,"minecraft:cobblestone_wall":2,"minecraft:torchflower_seeds":3,"minecraft:cyan_terracotta":2,"supplementaries:ash":1,"minecraft:gray_terracotta":13,"minecraft:shield":1,"minecraft:iron_chestplate":1,"minecraft:mossy_stone_bricks":1,"minecraft:brown_wool":1,"minecraft:jungle_sapling":1,"minecraft:stone_bricks":1},"minecraft:killed":{"born_in_chaos_v1:zombie_clown":1,"born_in_chaos_v1:bonescaller":1,"born_in_chaos_v1:restless_spirit":3,"minecraft:spider":1,"born_in_chaos_v1:baby_skeleton_minion":2,"born_in_chaos_v1:decrepit_skeleton":1,"born_in_chaos_v1:maggot":6,"minecraft:sheep":8,"minecraft:skeleton":3,"minecraft:zombie":16,"born_in_chaos_v1:dread_hound":1,"born_in_chaos_v1:corpse_fly":2,"born_in_chaos_v1:skeleton_thrasher":1,"minecraft:cow":2},"minecraft:crafted":{"minecraft:cooked_beef":3,"paraglider:paraglider":1,"minecraft:crossbow":1,"minecraft:oak_planks":4,"minecraft:spruce_planks":16,"minecraft:wooden_pickaxe":1,"minecraft:bone_meal":51,"minecraft:birch_planks":48,"minecraft:bone":6,"simplyswords:iron_warglaive":1,"minecraft:stone_axe":1,"minecraft:air":0,"minecraft:leather":2,"minecraft:iron_chestplate":2,"minecraft:charcoal":2,"minecraft:shield":1,"minecraft:stick":14,"minecraft:iron_ingot":22,"minecraft:chest":2,"minecraft:iron_leggings":2,"minecraft:white_bed":1,"minecraft:torch":32},"minecraft:picked_up":{"minecraft:birch_log":12,"born_in_chaos_v1:corpse_maggot":3,"minecraft:iron_chestplate":2,"born_in_chaos_v1:monster_flesh":1,"minecraft:leather":2,"minecraft:brown_wool":1,"paraglider:spirit_orb":8,"minecraft:oak_log":1,"minecraft:cobblestone_wall":2,"minecraft:dirt":1,"minecraft:string":2,"tombstone:gift":1,"minecraft:iron_leggings":1,"born_in_chaos_v1:monster_skin":1,"born_in_chaos_v1:intoxicating_decoction":1,"minecraft:bone":9,"minecraft:stone_bricks":1,"minecraft:gray_terracotta":13,"minecraft:bow":1,"minecraft:wheat_seeds":3,"minecraft:iron_ingot":1,"minecraft:beef":3,"born_in_chaos_v1:gnawed_bones":1,"minecraft:jungle_sapling":1,"minecraft:mossy_stone_bricks":1,"minecraft:furnace":1,"minecraft:stick":2,"born_in_chaos_v1:shattered_skull":1,"minecraft:acacia_log":2,"born_in_chaos_v1:ethereal_spirit":5,"minecraft:torchflower_seeds":6,"minecraft:stripped_spruce_log":4,"tombstone:grave_dust":3,"born_in_chaos_v1:pieceofdarkmetal":1,"minecraft:carrot":15,"minecraft:spider_eye":1,"minecraft:bundle":1,"born_in_chaos_v1:fried_maggot":7,"minecraft:quartz_block":2,"minecraft:pumpkin_seeds":3,"minecraft:arrow":5,"minecraft:rotten_flesh":18,"minecraft:iron_block":2,"minecraft:cyan_terracotta":2,"tombstone:essence_of_undeath":1,"supplementaries:ash":3,"minecraft:oak_sapling":5,"minecraft:black_wool":2,"minecraft:mutton":12,"minecraft:white_wool":9,"minecraft:cobblestone":20,"minecraft:sunflower":3}},"DataVersion":3465}