{"stats":{"minecraft:mined":{"minecraft:blue_stained_glass_pane":4,"minecraft:jungle_leaves":1,"minecraft:white_stained_glass":3,"minecraft:spawner":4,"minecraft:light_blue_stained_glass":2,"minecraft:furnace":1,"minecraft:carrots":4,"minecraft:iron_ore":7,"minecraft:stripped_spruce_log":4,"minecraft:deepslate_lapis_ore":4,"minecraft:deepslate_iron_ore":3,"minecraft:stone":27,"minecraft:white_wool":4,"minecraft:quartz_block":2,"minecraft:cyan_terracotta":2,"minecraft:crafting_table":2,"minecraft:torch":1,"minecraft:light_gray_terracotta":2,"minecraft:rose_bush":1,"minecraft:tall_grass":1,"minecraft:cobblestone":11,"biomesoplenty:sprout":5,"minecraft:wall_torch":1,"minecraft:deepslate_copper_ore":7,"minecraft:cobblestone_wall":1,"biomesoplenty:yellow_autumn_leaves":1,"minecraft:birch_log":25,"minecraft:birch_leaves":2,"minecraft:grass":6,"minecraft:oak_log":6,"minecraft:sunflower":4,"minecraft:cobweb":1,"minecraft:stone_bricks":5,"minecraft:deepslate":1,"minecraft:mossy_stone_bricks":1,"biomesoplenty:reed":11,"minecraft:oak_leaves":6,"minecraft:fern":5},"minecraft:broken":{"minecraft:wooden_pickaxe":1},"minecraft:used":{"simplyswords:iron_warglaive":244,"minecraft:chest":2,"minecraft:rotten_flesh":5,"minecraft:iron_chestplate":1,"minecraft:torch":34,"minecraft:dirt":1,"minecraft:mutton":1,"minecraft:cobblestone_wall":1,"minecraft:carrot":22,"born_in_chaos_v1:corpse_maggot":2,"minecraft:furnace":1,"tombstone:gift":3,"minecraft:cooked_beef":3,"minecraft:potato":1,"minecraft:water_bucket":9,"minecraft:stone_pickaxe":24,"minecraft:baked_potato":13,"minecraft:wooden_pickaxe":58,"minecraft:white_wool":4,"minecraft:crafting_table":2,"minecraft:white_bed":1,"tombstone:bag_of_seeds":2,"biomesoplenty:yellow_autumn_sapling":1,"minecraft:stone_axe":65,"tombstone:familiar_stone":1,"minecraft:cobblestone":17,"minecraft:bucket":10,"alexsmobs:animal_dictionary":3,"minecraft:bone_meal":51},"minecraft:custom":{"minecraft:mob_kills":59,"minecraft:interact_with_crafting_table":21,"minecraft:open_barrel":2,"minecraft:damage_dealt_resisted":429,"minecraft:leave_game":1,"minecraft:time_since_death":3794,"minecraft:climb_one_cm":6978,"minecraft:damage_resisted":21,"minecraft:sprint_one_cm":653183,"minecraft:walk_one_cm":455506,"minecraft:drop":22,"minecraft:damage_dealt_absorbed":4,"minecraft:talked_to_villager":3,"minecraft:play_time":151114,"minecraft:deaths":14,"minecraft:sneak_time":376,"minecraft:walk_under_water_one_cm":21269,"minecraft:jump":1337,"minecraft:walk_on_water_one_cm":32680,"minecraft:total_world_time":151114,"minecraft:interact_with_furnace":15,"minecraft:sleep_in_bed":1,"minecraft:time_since_rest":1395,"minecraft:damage_taken":5198,"minecraft:damage_dealt":11824,"minecraft:swim_one_cm":10006,"minecraft:fly_one_cm":315660,"minecraft:open_chest":33,"minecraft:crouch_one_cm":358,"tombstone:undead_killed":32,"minecraft:interact_with_smoker":8,"minecraft:fall_one_cm":23810},"minecraft:dropped":{"tetra:scroll_rolled":1,"minecraft:cyan_terracotta":2,"minecraft:torch":7,"minecraft:brown_wool":1,"minecraft:jungle_sapling":1,"minecraft:cobbled_deepslate":3,"minecraft:cobblestone_wall":2,"minecraft:torchflower_seeds":3,"supplementaries:ash":1,"minecraft:gray_terracotta":13,"minecraft:shield":1,"minecraft:iron_chestplate":1,"minecraft:mossy_stone_bricks":1,"minecraft:stone_bricks":1,"born_in_chaos_v1:dark_rod":2},"minecraft:crafted":{"minecraft:oak_planks":24,"minecraft:bone_meal":51,"simplyswords:iron_warglaive":1,"minecraft:leather":2,"minecraft:stone_pickaxe":2,"minecraft:chest":2,"minecraft:cooked_beef":3,"paraglider:paraglider":1,"minecraft:oak_slab":42,"minecraft:crossbow":1,"minecraft:crafting_table":1,"minecraft:spruce_planks":16,"minecraft:wooden_pickaxe":1,"minecraft:baked_potato":35,"minecraft:bone":6,"minecraft:birch_planks":100,"born_in_chaos_v1:bone_heart":1,"minecraft:stone_axe":1,"minecraft:air":0,"minecraft:iron_chestplate":2,"minecraft:charcoal":2,"minecraft:shield":1,"minecraft:stick":18,"minecraft:iron_ingot":22,"minecraft:iron_leggings":2,"minecraft:white_bed":1,"minecraft:torch":32},"minecraft:killed":{"born_in_chaos_v1:zombie_clown":1,"born_in_chaos_v1:restless_spirit":4,"minecraft:spider":1,"born_in_chaos_v1:siamese_skeletonsright":1,"born_in_chaos_v1:baby_skeleton_minion":2,"born_in_chaos_v1:maggot":6,"minecraft:skeleton":5,"born_in_chaos_v1:skeleton_thrasher":2,"born_in_chaos_v1:bonescaller":1,"born_in_chaos_v1:decrepit_skeleton":1,"minecraft:sheep":8,"minecraft:zombie":18,"born_in_chaos_v1:dread_hound":1,"born_in_chaos_v1:corpse_fly":5,"born_in_chaos_v1:siamese_skeletonsleft":1,"minecraft:cow":2},"minecraft:picked_up":{"minecraft:crafting_table":2,"minecraft:iron_chestplate":2,"minecraft:string":6,"minecraft:raw_copper":33,"minecraft:iron_leggings":1,"born_in_chaos_v1:intoxicating_decoction":1,"minecraft:cobbled_deepslate":3,"minecraft:beef":3,"minecraft:rose_bush":1,"born_in_chaos_v1:gnawed_bones":1,"minecraft:jungle_sapling":1,"minecraft:furnace":1,"minecraft:raw_iron":10,"minecraft:stick":2,"born_in_chaos_v1:shattered_skull":2,"minecraft:torch":16,"minecraft:acacia_log":2,"tombstone:grave_dust":3,"born_in_chaos_v1:pieceofdarkmetal":3,"minecraft:carrot":15,"alexsmobs:centipede_leg":2,"minecraft:quartz_block":2,"born_in_chaos_v1:fried_maggot":7,"minecraft:arrow":8,"minecraft:rotten_flesh":18,"minecraft:iron_block":2,"minecraft:cyan_terracotta":2,"tombstone:essence_of_undeath":1,"supplementaries:ash":4,"minecraft:obsidian":1,"minecraft:mutton":12,"minecraft:white_wool":9,"minecraft:cobblestone":34,"born_in_chaos_v1:fused_bone":2,"minecraft:birch_log":25,"born_in_chaos_v1:corpse_maggot":4,"born_in_chaos_v1:monster_flesh":1,"minecraft:brown_wool":1,"minecraft:leather":2,"minecraft:potato":1,"paraglider:spirit_orb":8,"minecraft:oak_log":6,"minecraft:cobblestone_wall":3,"minecraft:lapis_lazuli":24,"minecraft:dirt":1,"tombstone:gift":1,"born_in_chaos_v1:monster_skin":1,"minecraft:bone":15,"minecraft:stone_bricks":5,"minecraft:bow":1,"minecraft:gray_terracotta":13,"minecraft:wheat_seeds":3,"minecraft:iron_ingot":1,"minecraft:mossy_stone_bricks":1,"born_in_chaos_v1:ethereal_spirit":8,"minecraft:torchflower_seeds":6,"born_in_chaos_v1:dark_rod":2,"minecraft:stripped_spruce_log":4,"minecraft:spider_eye":1,"minecraft:bundle":1,"minecraft:light_gray_terracotta":1,"minecraft:pumpkin_seeds":3,"tetra:geode":1,"minecraft:oak_sapling":5,"minecraft:black_wool":2,"minecraft:sunflower":3}},"DataVersion":3465}