{"stats":{"minecraft:mined":{"minecraft:carrots":4,"minecraft:stripped_spruce_log":4,"minecraft:grass":3,"minecraft:stone":8,"biomesoplenty:reed":11,"minecraft:fern":5},"minecraft:used":{"simplyswords:iron_warglaive":61,"minecraft:wooden_pickaxe":8,"minecraft:rotten_flesh":1,"minecraft:stone_axe":3,"minecraft:torch":13,"minecraft:cobblestone":3,"minecraft:carrot":9,"tombstone:gift":2,"alexsmobs:animal_dictionary":3,"minecraft:bone_meal":18},"minecraft:custom":{"minecraft:time_since_rest":6546,"minecraft:interact_with_furnace":1,"minecraft:sprint_one_cm":159619,"minecraft:damage_taken":1337,"minecraft:walk_one_cm":119618,"minecraft:mob_kills":12,"minecraft:damage_dealt":3122,"minecraft:swim_one_cm":5594,"minecraft:interact_with_crafting_table":10,"minecraft:fly_one_cm":107666,"minecraft:open_barrel":1,"minecraft:open_chest":5,"minecraft:crouch_one_cm":358,"minecraft:play_time":55114,"tombstone:undead_killed":8,"minecraft:deaths":5,"minecraft:sneak_time":358,"minecraft:walk_under_water_one_cm":1117,"minecraft:jump":412,"minecraft:damage_dealt_resisted":300,"minecraft:leave_game":1,"minecraft:time_since_death":8164,"minecraft:walk_on_water_one_cm":15029,"minecraft:total_world_time":55114,"minecraft:fall_one_cm":8725},"minecraft:crafted":{"minecraft:iron_chestplate":1,"minecraft:shield":1,"minecraft:spruce_planks":16,"minecraft:stick":12,"minecraft:wooden_pickaxe":1,"minecraft:iron_ingot":18,"minecraft:iron_leggings":1,"minecraft:bone_meal":18,"minecraft:bone":6,"minecraft:torch":16,"simplyswords:iron_warglaive":1,"minecraft:stone_axe":1},"minecraft:killed":{"minecraft:skeleton":1,"minecraft:zombie":5,"born_in_chaos_v1:restless_spirit":3,"born_in_chaos_v1:skeleton_thrasher":1,"minecraft:spider":1,"born_in_chaos_v1:decrepit_skeleton":1},"minecraft:picked_up":{"born_in_chaos_v1:shattered_skull":1,"born_in_chaos_v1:ethereal_spirit":5,"minecraft:carrot":15,"minecraft:stripped_spruce_log":4,"born_in_chaos_v1:pieceofdarkmetal":1,"minecraft:spider_eye":1,"minecraft:string":1,"minecraft:bone":8,"minecraft:arrow":1,"minecraft:rotten_flesh":8,"minecraft:wheat_seeds":2,"minecraft:iron_block":2,"born_in_chaos_v1:gnawed_bones":1,"tombstone:essence_of_undeath":1,"supplementaries:ash":1,"minecraft:cobblestone":8}},"DataVersion":3465}