{"stats":{"minecraft:mined":{"minecraft:quartz_block":2,"minecraft:blue_stained_glass_pane":2,"biomesoplenty:sprout":1,"minecraft:carrots":4,"minecraft:stripped_spruce_log":4,"minecraft:grass":3,"minecraft:oak_log":1,"minecraft:sunflower":3,"minecraft:stone":8,"minecraft:fern":5,"minecraft:oak_leaves":4,"biomesoplenty:reed":11},"minecraft:used":{"simplyswords:iron_warglaive":102,"minecraft:wooden_pickaxe":10,"minecraft:rotten_flesh":1,"minecraft:torch":13,"minecraft:carrot":17,"minecraft:white_bed":1,"tombstone:bag_of_seeds":2,"minecraft:stone_axe":8,"minecraft:cobblestone":3,"tombstone:gift":2,"alexsmobs:animal_dictionary":3,"minecraft:bone_meal":18},"minecraft:custom":{"minecraft:interact_with_furnace":1,"minecraft:mob_kills":28,"minecraft:interact_with_crafting_table":11,"minecraft:open_barrel":2,"minecraft:damage_dealt_resisted":336,"minecraft:leave_game":1,"minecraft:time_since_death":1571,"minecraft:sleep_in_bed":1,"minecraft:climb_one_cm":200,"minecraft:time_since_rest":814,"minecraft:sprint_one_cm":255768,"minecraft:walk_one_cm":159565,"minecraft:damage_taken":1937,"minecraft:damage_dealt":4933,"minecraft:swim_one_cm":5594,"minecraft:fly_one_cm":149024,"minecraft:open_chest":9,"minecraft:crouch_one_cm":358,"minecraft:play_time":67114,"tombstone:undead_killed":11,"minecraft:deaths":6,"minecraft:sneak_time":358,"minecraft:walk_under_water_one_cm":1117,"minecraft:jump":616,"minecraft:walk_on_water_one_cm":15029,"minecraft:total_world_time":67114,"minecraft:fall_one_cm":13501},"minecraft:killed":{"born_in_chaos_v1:restless_spirit":3,"minecraft:spider":1,"born_in_chaos_v1:decrepit_skeleton":1,"born_in_chaos_v1:maggot":2,"minecraft:sheep":8,"minecraft:skeleton":1,"minecraft:zombie":8,"born_in_chaos_v1:dread_hound":1,"born_in_chaos_v1:skeleton_thrasher":1,"minecraft:cow":2},"minecraft:crafted":{"minecraft:oak_planks":4,"minecraft:spruce_planks":16,"minecraft:wooden_pickaxe":1,"minecraft:bone_meal":18,"minecraft:bone":6,"simplyswords:iron_warglaive":1,"minecraft:stone_axe":1,"minecraft:iron_chestplate":1,"minecraft:shield":1,"minecraft:stick":12,"minecraft:iron_ingot":18,"minecraft:iron_leggings":1,"minecraft:white_bed":1,"minecraft:torch":16},"minecraft:picked_up":{"born_in_chaos_v1:monster_flesh":1,"minecraft:brown_wool":1,"minecraft:oak_log":1,"minecraft:string":1,"born_in_chaos_v1:monster_skin":1,"minecraft:bone":8,"minecraft:wheat_seeds":2,"minecraft:beef":3,"born_in_chaos_v1:gnawed_bones":1,"born_in_chaos_v1:shattered_skull":1,"born_in_chaos_v1:ethereal_spirit":5,"minecraft:torchflower_seeds":3,"minecraft:stripped_spruce_log":4,"born_in_chaos_v1:pieceofdarkmetal":1,"minecraft:carrot":15,"minecraft:spider_eye":1,"minecraft:quartz_block":2,"minecraft:pumpkin_seeds":3,"minecraft:arrow":1,"minecraft:rotten_flesh":9,"minecraft:iron_block":2,"tombstone:essence_of_undeath":1,"supplementaries:ash":1,"minecraft:oak_sapling":1,"minecraft:black_wool":2,"minecraft:mutton":12,"minecraft:white_wool":5,"minecraft:cobblestone":8,"minecraft:sunflower":3}},"DataVersion":3465}