{"stats":{"minecraft:mined":{"minecraft:stripped_spruce_log":4,"minecraft:grass":2,"minecraft:stone":8,"biomesoplenty:reed":11,"minecraft:fern":4},"minecraft:used":{"simplyswords:iron_warglaive":37,"minecraft:wooden_pickaxe":8,"minecraft:rotten_flesh":1,"minecraft:torch":8,"minecraft:cobblestone":3,"alexsmobs:animal_dictionary":3,"minecraft:bone_meal":18},"minecraft:custom":{"minecraft:time_since_rest":1287,"minecraft:interact_with_furnace":1,"minecraft:sprint_one_cm":98440,"minecraft:damage_taken":795,"minecraft:walk_one_cm":78440,"minecraft:mob_kills":7,"minecraft:damage_dealt":1780,"minecraft:interact_with_crafting_table":7,"minecraft:fly_one_cm":72110,"minecraft:open_barrel":1,"minecraft:open_chest":5,"minecraft:crouch_one_cm":358,"minecraft:play_time":43390,"tombstone:undead_killed":4,"minecraft:deaths":3,"minecraft:sneak_time":358,"minecraft:walk_under_water_one_cm":1046,"minecraft:jump":261,"minecraft:walk_on_water_one_cm":13565,"minecraft:time_since_death":2549,"minecraft:total_world_time":43390,"minecraft:fall_one_cm":6669},"minecraft:crafted":{"minecraft:iron_chestplate":1,"minecraft:spruce_planks":16,"minecraft:stick":8,"minecraft:iron_ingot":18,"minecraft:wooden_pickaxe":1,"minecraft:iron_leggings":1,"minecraft:bone_meal":18,"minecraft:bone":6,"minecraft:torch":16,"simplyswords:iron_warglaive":1},"minecraft:killed":{"minecraft:zombie":3,"born_in_chaos_v1:restless_spirit":2,"minecraft:spider":1,"born_in_chaos_v1:decrepit_skeleton":1},"minecraft:picked_up":{"born_in_chaos_v1:ethereal_spirit":1,"minecraft:stripped_spruce_log":4,"minecraft:spider_eye":1,"minecraft:string":1,"minecraft:bone":2,"minecraft:rotten_flesh":5,"minecraft:wheat_seeds":2,"minecraft:iron_block":2,"born_in_chaos_v1:gnawed_bones":1,"minecraft:cobblestone":8}},"DataVersion":3465}