{"stats":{"minecraft:mined":{"minecraft:grass":2,"minecraft:stripped_spruce_log":4,"minecraft:fern":2,"biomesoplenty:reed":4},"minecraft:used":{"alexsmobs:animal_dictionary":3,"minecraft:bone_meal":18},"minecraft:custom":{"minecraft:open_barrel":1,"minecraft:time_since_rest":4744,"minecraft:open_chest":5,"minecraft:crouch_one_cm":346,"tombstone:undead_killed":1,"minecraft:play_time":31390,"minecraft:sprint_one_cm":67703,"minecraft:walk_one_cm":57265,"minecraft:damage_taken":447,"minecraft:deaths":2,"minecraft:sneak_time":91,"minecraft:mob_kills":1,"minecraft:jump":141,"minecraft:damage_dealt":120,"minecraft:time_since_death":6248,"minecraft:walk_on_water_one_cm":7767,"minecraft:total_world_time":31390,"minecraft:fly_one_cm":42896,"minecraft:fall_one_cm":5406,"minecraft:interact_with_crafting_table":6},"minecraft:killed":{"minecraft:zombie":1},"minecraft:crafted":{"minecraft:iron_leggings":1,"minecraft:iron_chestplate":1,"minecraft:bone_meal":18,"minecraft:bone":6,"simplyswords:iron_warglaive":1,"minecraft:spruce_planks":16,"minecraft:stick":4,"minecraft:wooden_pickaxe":1,"minecraft:iron_ingot":18},"minecraft:picked_up":{"minecraft:rotten_flesh":1,"minecraft:wheat_seeds":2,"minecraft:iron_block":2,"born_in_chaos_v1:gnawed_bones":1,"minecraft:stripped_spruce_log":4}},"DataVersion":3465}