{"stats":{"minecraft:picked_up":{"minecraft:crafting_table":7,"minecraft:iron_chestplate":2,"born_in_chaos_v1:seedof_chaos":1,"minecraft:enchanted_book":3,"minecraft:compass":1,"minecraft:string":6,"minecraft:smooth_stone_slab":1,"minecraft:raw_copper":130,"born_in_chaos_v1:dark_upgrade":2,"minecraft:iron_leggings":1,"born_in_chaos_v1:intoxicating_decoction":2,"minecraft:cobbled_deepslate":27,"minecraft:bucket":1,"minecraft:beef":7,"minecraft:rose_bush":2,"born_in_chaos_v1:gnawed_bones":3,"minecraft:jungle_sapling":1,"minecraft:iron_nugget":8,"minecraft:furnace":3,"minecraft:stick":4,"minecraft:raw_iron":26,"born_in_chaos_v1:shattered_skull":4,"minecraft:oak_door":2,"minecraft:copper_ingot":36,"minecraft:oak_fence":1,"minecraft:torch":28,"minecraft:acacia_log":6,"tombstone:grave_dust":3,"minecraft:redstone":8,"born_in_chaos_v1:pieceofdarkmetal":7,"minecraft:carrot":15,"alexsmobs:centipede_leg":6,"sophisticatedbackpacks:pickup_upgrade":1,"minecraft:quartz_block":2,"born_in_chaos_v1:fried_maggot":7,"minecraft:arrow":10,"minecraft:rotten_flesh":36,"minecraft:iron_block":2,"minecraft:cyan_terracotta":2,"tombstone:essence_of_undeath":2,"supplementaries:ash":4,"minecraft:obsidian":2,"minecraft:mutton":12,"minecraft:iron_bars":12,"minecraft:white_wool":9,"minecraft:cobblestone":40,"born_in_chaos_v1:fused_bone":2,"minecraft:birch_log":25,"born_in_chaos_v1:corpse_maggot":18,"born_in_chaos_v1:monster_flesh":3,"minecraft:birch_slab":2,"minecraft:brown_wool":1,"minecraft:leather":6,"minecraft:potato":15,"paraglider:spirit_orb":8,"minecraft:oak_log":6,"supplementaries:flax_seeds":1,"minecraft:cobblestone_wall":3,"minecraft:lapis_lazuli":30,"minecraft:dirt":14,"tombstone:gift":1,"minecraft:name_tag":1,"born_in_chaos_v1:monster_skin":4,"minecraft:bone":31,"minecraft:stone_bricks":7,"minecraft:gray_terracotta":13,"minecraft:bow":1,"minecraft:wheat_seeds":4,"minecraft:raw_gold":7,"minecraft:iron_ingot":1,"minecraft:stone_pickaxe":2,"minecraft:mossy_stone_bricks":1,"tombstone:scroll_of_frost_resistance":1,"minecraft:oak_planks":3,"born_in_chaos_v1:ethereal_spirit":11,"minecraft:gravel":2,"minecraft:torchflower_seeds":9,"born_in_chaos_v1:dark_rod":4,"minecraft:stripped_spruce_log":4,"minecraft:spruce_sapling":3,"minecraft:spruce_log":7,"alexsmobs:animal_dictionary":1,"minecraft:spider_eye":3,"minecraft:bundle":1,"minecraft:light_gray_terracotta":2,"minecraft:pumpkin_seeds":3,"tombstone:familiar_stone":2,"tetra:geode":2,"minecraft:diamond":8,"minecraft:oak_sapling":9,"minecraft:black_wool":2,"minecraft:coal":68,"minecraft:sunflower":4},"minecraft:used":{"simplyswords:iron_warglaive":266,"minecraft:chest":4,"minecraft:rotten_flesh":5,"minecraft:iron_chestplate":1,"minecraft:torch":78,"minecraft:dirt":6,"minecraft:mutton":1,"minecraft:cobblestone_wall":1,"minecraft:carrot":22,"born_in_chaos_v1:corpse_maggot":2,"minecraft:stone_bricks":1,"minecraft:furnace":2,"tombstone:gift":4,"minecraft:cooked_beef":3,"minecraft:potato":1,"minecraft:cobbled_deepslate":15,"minecraft:water_bucket":13,"pfm:iron_freezer":1,"minecraft:baked_potato":24,"minecraft:oak_planks":3,"minecraft:stone_pickaxe":177,"minecraft:wooden_pickaxe":58,"minecraft:white_wool":4,"minecraft:light_gray_terracotta":1,"minecraft:crafting_table":7,"simplyswords:iron_twinblade":155,"minecraft:campfire":1,"minecraft:white_bed":1,"tombstone:bag_of_seeds":2,"pfm:working_table":1,"minecraft:iron_pickaxe":19,"biomesoplenty:yellow_autumn_sapling":1,"minecraft:stone_axe":99,"tombstone:familiar_stone":1,"minecraft:cobblestone":21,"minecraft:bucket":15,"minecraft:smooth_stone_slab":1,"alexsmobs:animal_dictionary":3,"minecraft:bone_meal":51},"minecraft:broken":{"simplyswords:iron_warglaive":1,"minecraft:wooden_pickaxe":1,"minecraft:stone_pickaxe":1,"minecraft:stone_axe":1},"minecraft:custom":{"minecraft:mob_kills":105,"minecraft:interact_with_crafting_table":45,"minecraft:open_barrel":2,"minecraft:damage_dealt_resisted":465,"minecraft:leave_game":5,"minecraft:time_since_death":7427,"minecraft:damage_resisted":68,"minecraft:climb_one_cm":9692,"minecraft:sprint_one_cm":969170,"minecraft:walk_one_cm":732548,"minecraft:drop":46,"minecraft:damage_dealt_absorbed":4,"minecraft:talked_to_villager":3,"minecraft:play_time":290338,"minecraft:deaths":26,"minecraft:sneak_time":594,"minecraft:walk_under_water_one_cm":28088,"minecraft:jump":2436,"minecraft:walk_on_water_one_cm":38119,"minecraft:total_world_time":290338,"minecraft:interact_with_furnace":33,"minecraft:sleep_in_bed":1,"minecraft:time_since_rest":7171,"minecraft:damage_taken":8820,"minecraft:damage_dealt":20829,"minecraft:swim_one_cm":15160,"minecraft:freezer_opened":3,"minecraft:fly_one_cm":540390,"minecraft:open_chest":59,"minecraft:crouch_one_cm":678,"tombstone:undead_killed":52,"minecraft:fall_one_cm":38567,"minecraft:interact_with_smoker":12},"minecraft:mined":{"minecraft:tuff":1,"minecraft:blue_stained_glass_pane":4,"minecraft:jungle_leaves":1,"minecraft:acacia_log":4,"minecraft:white_stained_glass":3,"minecraft:spruce_leaves":3,"minecraft:spawner":4,"minecraft:light_blue_stained_glass":3,"minecraft:carrots":4,"minecraft:furnace":2,"minecraft:iron_ore":16,"minecraft:stripped_spruce_log":4,"minecraft:deepslate_lapis_ore":5,"minecraft:deepslate_iron_ore":10,"minecraft:iron_bars":12,"minecraft:stone":34,"minecraft:white_wool":4,"minecraft:deepslate_redstone_ore":2,"minecraft:acacia_leaves":2,"minecraft:quartz_block":2,"minecraft:cyan_terracotta":2,"minecraft:crafting_table":6,"minecraft:torch":4,"minecraft:light_gray_terracotta":2,"minecraft:rose_bush":1,"minecraft:copper_ore":30,"minecraft:tall_grass":1,"minecraft:cobblestone":16,"biomesoplenty:sprout":6,"minecraft:deepslate_gold_ore":3,"minecraft:diorite":1,"minecraft:wall_torch":9,"minecraft:deepslate_copper_ore":7,"supplementaries:urn":6,"minecraft:cobblestone_wall":1,"minecraft:wheat":1,"biomesoplenty:yellow_autumn_leaves":1,"minecraft:birch_log":25,"minecraft:spruce_log":7,"minecraft:birch_leaves":2,"minecraft:smooth_stone_slab":1,"minecraft:grass":7,"minecraft:oak_log":6,"minecraft:coal_ore":61,"minecraft:sunflower":4,"biomesoplenty:stringy_cobweb":1,"minecraft:cobweb":1,"minecraft:stone_bricks":7,"biomesoplenty:reed":11,"minecraft:gold_ore":4,"minecraft:mossy_stone_bricks":1,"minecraft:oak_leaves":6,"minecraft:deepslate":13,"minecraft:fern":5},"minecraft:crafted":{"minecraft:oak_planks":24,"toolbelt:belt":1,"simplyswords:diamond_greathammer":1,"minecraft:iron_nugget":9,"simplyswords:iron_twinblade":1,"minecraft:birch_slab":24,"minecraft:furnace":1,"minecraft:bone_meal":51,"simplyswords:iron_warglaive":1,"minecraft:raw_copper_block":12,"minecraft:iron_boots":1,"minecraft:leather":8,"minecraft:raw_copper":108,"minecraft:stone_pickaxe":2,"minecraft:chest":7,"pfm:iron_freezer":1,"minecraft:dark_oak_planks":6,"minecraft:cooked_beef":7,"paraglider:paraglider":1,"minecraft:oak_slab":42,"minecraft:crossbow":1,"minecraft:crafting_table":1,"minecraft:spruce_planks":44,"minecraft:iron_helmet":1,"minecraft:wooden_pickaxe":1,"minecraft:baked_potato":86,"minecraft:copper_ingot":85,"minecraft:bone":18,"minecraft:birch_planks":100,"minecraft:campfire":1,"minecraft:stone_axe":1,"born_in_chaos_v1:bone_heart":2,"minecraft:air":0,"pfm:working_table":1,"minecraft:iron_chestplate":2,"portablemobs:basic_capture_cell":3,"minecraft:charcoal":2,"minecraft:shield":1,"minecraft:stick":46,"minecraft:iron_ingot":49,"minecraft:iron_pickaxe":1,"minecraft:iron_leggings":2,"minecraft:white_bed":1,"minecraft:acacia_planks":4,"minecraft:torch":48},"minecraft:killed":{"born_in_chaos_v1:zombie_clown":1,"born_in_chaos_v1:restless_spirit":6,"minecraft:spider":2,"born_in_chaos_v1:siamese_skeletonsright":1,"born_in_chaos_v1:zombie_bruiser":1,"born_in_chaos_v1:baby_skeleton_minion":2,"born_in_chaos_v1:maggot":15,"minecraft:skeleton":10,"born_in_chaos_v1:skeleton_thrasher":2,"born_in_chaos_v1:fallen_chaos_knight":1,"born_in_chaos_v1:bonescaller":1,"born_in_chaos_v1:baby_skeleton":1,"born_in_chaos_v1:swarmer":2,"born_in_chaos_v1:decrepit_skeleton":5,"minecraft:sheep":8,"minecraft:zombie":24,"born_in_chaos_v1:dread_hound":4,"born_in_chaos_v1:corpse_fly":12,"born_in_chaos_v1:dark_vortex":1,"minecraft:cow":4,"born_in_chaos_v1:siamese_skeletonsleft":1},"minecraft:dropped":{"tetra:scroll_rolled":1,"minecraft:baked_potato":31,"minecraft:oak_fence":1,"minecraft:cobblestone":1,"minecraft:coal":1,"minecraft:birch_slab":4,"minecraft:stick":3,"minecraft:cyan_terracotta":2,"born_in_chaos_v1:monster_flesh":1,"minecraft:torch":7,"minecraft:brown_wool":1,"minecraft:jungle_sapling":1,"minecraft:spruce_sapling":3,"alexsmobs:centipede_leg":2,"tombstone:familiar_stone":1,"minecraft:cobblestone_wall":2,"minecraft:cobbled_deepslate":10,"minecraft:raw_copper":2,"minecraft:torchflower_seeds":3,"supplementaries:flax_seeds":1,"supplementaries:ash":2,"minecraft:gray_terracotta":13,"minecraft:shield":1,"minecraft:iron_chestplate":1,"born_in_chaos_v1:corpse_maggot":3,"minecraft:mossy_stone_bricks":1,"minecraft:oak_sapling":4,"minecraft:stone_bricks":1,"minecraft:arrow":5,"minecraft:bow":1,"minecraft:stone_pickaxe":2,"born_in_chaos_v1:dark_rod":2}},"DataVersion":3465}