{"stats":{"minecraft:mined":{"minecraft:quartz_block":2,"minecraft:blue_stained_glass_pane":2,"minecraft:cyan_terracotta":2,"minecraft:white_stained_glass":2,"biomesoplenty:sprout":2,"minecraft:spawner":2,"minecraft:furnace":1,"minecraft:carrots":4,"minecraft:birch_log":5,"minecraft:birch_leaves":2,"minecraft:stripped_spruce_log":4,"minecraft:grass":3,"minecraft:oak_log":1,"minecraft:sunflower":3,"minecraft:stone":8,"minecraft:white_wool":2,"minecraft:fern":5,"minecraft:oak_leaves":4,"biomesoplenty:reed":11},"minecraft:used":{"minecraft:chest":2,"simplyswords:iron_warglaive":130,"minecraft:wooden_pickaxe":16,"minecraft:rotten_flesh":1,"minecraft:white_wool":4,"minecraft:torch":17,"minecraft:mutton":1,"minecraft:carrot":22,"minecraft:white_bed":1,"tombstone:bag_of_seeds":2,"born_in_chaos_v1:corpse_maggot":1,"minecraft:stone_axe":18,"minecraft:cobblestone":3,"minecraft:furnace":1,"tombstone:gift":2,"alexsmobs:animal_dictionary":3,"minecraft:bone_meal":18},"minecraft:custom":{"minecraft:interact_with_furnace":4,"minecraft:mob_kills":37,"minecraft:interact_with_crafting_table":13,"minecraft:open_barrel":2,"minecraft:damage_dealt_resisted":336,"minecraft:leave_game":1,"minecraft:time_since_death":7174,"minecraft:sleep_in_bed":1,"minecraft:climb_one_cm":200,"minecraft:time_since_rest":7099,"minecraft:sprint_one_cm":320790,"minecraft:walk_one_cm":204979,"minecraft:damage_taken":2501,"minecraft:drop":5,"minecraft:damage_dealt":6607,"minecraft:swim_one_cm":5594,"minecraft:fly_one_cm":174052,"minecraft:open_chest":13,"minecraft:crouch_one_cm":358,"minecraft:play_time":79114,"tombstone:undead_killed":18,"minecraft:deaths":8,"minecraft:sneak_time":358,"minecraft:walk_under_water_one_cm":1117,"minecraft:jump":726,"minecraft:walk_on_water_one_cm":15029,"minecraft:total_world_time":79114,"minecraft:fall_one_cm":15800},"minecraft:dropped":{"tetra:scroll_rolled":1,"minecraft:torchflower_seeds":3,"supplementaries:ash":1,"minecraft:shield":1,"minecraft:brown_wool":1},"minecraft:crafted":{"minecraft:oak_planks":4,"minecraft:spruce_planks":16,"minecraft:wooden_pickaxe":1,"minecraft:bone_meal":18,"minecraft:birch_planks":20,"minecraft:bone":6,"simplyswords:iron_warglaive":1,"minecraft:stone_axe":1,"minecraft:leather":2,"minecraft:iron_chestplate":1,"minecraft:shield":1,"minecraft:stick":14,"minecraft:iron_ingot":18,"minecraft:chest":2,"minecraft:iron_leggings":1,"minecraft:white_bed":1,"minecraft:torch":20},"minecraft:killed":{"born_in_chaos_v1:zombie_clown":1,"born_in_chaos_v1:restless_spirit":3,"minecraft:spider":1,"born_in_chaos_v1:baby_skeleton_minion":1,"born_in_chaos_v1:decrepit_skeleton":1,"born_in_chaos_v1:maggot":2,"minecraft:sheep":8,"minecraft:skeleton":2,"minecraft:zombie":12,"born_in_chaos_v1:dread_hound":1,"born_in_chaos_v1:corpse_fly":2,"born_in_chaos_v1:skeleton_thrasher":1,"minecraft:cow":2},"minecraft:picked_up":{"minecraft:birch_log":5,"born_in_chaos_v1:corpse_maggot":2,"born_in_chaos_v1:monster_flesh":1,"minecraft:brown_wool":1,"paraglider:spirit_orb":4,"minecraft:oak_log":1,"minecraft:string":1,"born_in_chaos_v1:monster_skin":1,"born_in_chaos_v1:intoxicating_decoction":1,"minecraft:bone":9,"minecraft:bow":1,"minecraft:wheat_seeds":2,"minecraft:beef":3,"born_in_chaos_v1:gnawed_bones":1,"minecraft:furnace":1,"born_in_chaos_v1:shattered_skull":1,"born_in_chaos_v1:ethereal_spirit":5,"minecraft:torchflower_seeds":6,"minecraft:stripped_spruce_log":4,"born_in_chaos_v1:pieceofdarkmetal":1,"minecraft:carrot":15,"minecraft:spider_eye":1,"minecraft:quartz_block":2,"minecraft:pumpkin_seeds":3,"minecraft:arrow":3,"minecraft:rotten_flesh":13,"minecraft:iron_block":2,"minecraft:cyan_terracotta":2,"tombstone:essence_of_undeath":1,"supplementaries:ash":1,"minecraft:oak_sapling":5,"minecraft:black_wool":2,"minecraft:mutton":12,"minecraft:white_wool":7,"minecraft:cobblestone":8,"minecraft:sunflower":3}},"DataVersion":3465}