{"stats":{"minecraft:used":{"simplyswords:iron_warglaive":266,"minecraft:chest":6,"minecraft:torch":166,"minecraft:rotten_flesh":5,"minecraft:iron_chestplate":1,"minecraft:dirt":6,"minecraft:mutton":1,"minecraft:cobblestone_wall":1,"minecraft:carrot":22,"born_in_chaos_v1:corpse_maggot":2,"minecraft:lava_bucket":13,"biomesoplenty:tall_lavender":1,"biomesoplenty:jacaranda_log":1,"minecraft:stone_bricks":1,"minecraft:furnace":2,"tombstone:gift":4,"minecraft:cooked_beef":7,"minecraft:potato":2,"minecraft:cobbled_deepslate":25,"minecraft:water_bucket":21,"pfm:iron_freezer":1,"minecraft:baked_potato":54,"minecraft:oak_planks":3,"minecraft:stone_pickaxe":268,"minecraft:wooden_pickaxe":58,"minecraft:white_wool":4,"minecraft:rail":4,"minecraft:white_bed":1,"minecraft:campfire":1,"minecraft:crafting_table":9,"minecraft:light_gray_terracotta":1,"simplyswords:iron_twinblade":329,"minecraft:shears":1,"tombstone:bag_of_seeds":2,"pfm:working_table":1,"minecraft:iron_pickaxe":210,"biomesoplenty:yellow_autumn_sapling":1,"minecraft:stone_axe":204,"tombstone:familiar_stone":1,"minecraft:cobblestone":58,"minecraft:bucket":36,"alexsmobs:animal_dictionary":3,"minecraft:smooth_stone_slab":1,"minecraft:bone_meal":51},"minecraft:dropped":{"tetra:scroll_rolled":1,"minecraft:baked_potato":31,"minecraft:diamond":1,"minecraft:oak_fence":1,"minecraft:cobblestone":1,"minecraft:coal":1,"minecraft:birch_slab":4,"minecraft:stick":3,"minecraft:cyan_terracotta":2,"born_in_chaos_v1:monster_flesh":1,"minecraft:torch":7,"minecraft:brown_wool":1,"minecraft:zombie_head":2,"minecraft:jungle_sapling":1,"minecraft:spruce_sapling":3,"alexsmobs:centipede_leg":2,"tombstone:familiar_stone":1,"minecraft:cobblestone_wall":2,"minecraft:cobbled_deepslate":10,"minecraft:raw_copper":2,"minecraft:rotten_flesh":4,"minecraft:torchflower_seeds":3,"supplementaries:flax_seeds":3,"supplementaries:ash":2,"minecraft:gray_terracotta":13,"minecraft:shield":1,"minecraft:skeleton_skull":2,"minecraft:gunpowder":2,"minecraft:iron_chestplate":1,"minecraft:mossy_stone_bricks":1,"born_in_chaos_v1:corpse_maggot":3,"minecraft:oak_sapling":4,"minecraft:spider_eye":2,"minecraft:stone_bricks":1,"minecraft:arrow":5,"minecraft:bow":1,"minecraft:stone_pickaxe":2,"born_in_chaos_v1:dark_rod":2},"minecraft:crafted":{"minecraft:oak_planks":52,"toolbelt:belt":1,"minecraft:coal":54,"simplyswords:diamond_greathammer":1,"minecraft:iron_nugget":9,"simplyswords:iron_twinblade":3,"minecraft:birch_slab":24,"minecraft:furnace":1,"minecraft:bone_meal":51,"simplyswords:iron_warglaive":1,"minecraft:raw_copper_block":12,"minecraft:iron_boots":1,"minecraft:leather":8,"minecraft:raw_copper":108,"minecraft:stone_pickaxe":2,"minecraft:chest":9,"pfm:iron_freezer":1,"minecraft:dark_oak_planks":6,"minecraft:cooked_beef":7,"minecraft:coal_block":6,"paraglider:paraglider":1,"minecraft:oak_slab":42,"minecraft:crossbow":1,"minecraft:crafting_table":1,"minecraft:spruce_planks":44,"minecraft:iron_helmet":1,"minecraft:wooden_pickaxe":1,"minecraft:baked_potato":86,"minecraft:copper_ingot":186,"minecraft:bone":18,"minecraft:birch_planks":100,"minecraft:campfire":1,"born_in_chaos_v1:bone_heart":2,"minecraft:stone_axe":2,"minecraft:air":0,"pfm:working_table":1,"born_in_chaos_v1:smoked_flesh":11,"minecraft:iron_chestplate":3,"portablemobs:basic_capture_cell":3,"minecraft:charcoal":2,"minecraft:shield":1,"minecraft:stick":78,"minecraft:iron_ingot":100,"minecraft:iron_pickaxe":3,"minecraft:gold_ingot":49,"minecraft:iron_leggings":3,"minecraft:white_bed":1,"minecraft:acacia_planks":4,"minecraft:torch":156,"minecraft:lapis_lazuli":108,"minecraft:lapis_block":12,"minecraft:shears":1},"minecraft:picked_up":{"minecraft:iron_chestplate":2,"minecraft:crafting_table":8,"born_in_chaos_v1:diamond_termite_shard":4,"born_in_chaos_v1:seedof_chaos":1,"biomesoplenty:jacaranda_sapling":2,"minecraft:enchanted_book":3,"biomesoplenty:tall_lavender":1,"minecraft:string":59,"minecraft:raw_copper":190,"minecraft:smooth_stone_slab":1,"minecraft:iron_leggings":1,"born_in_chaos_v1:dark_upgrade":2,"born_in_chaos_v1:intoxicating_decoction":2,"minecraft:compass":1,"minecraft:zombie_head":3,"minecraft:cobbled_deepslate":37,"minecraft:bucket":1,"minecraft:beef":7,"minecraft:rose_bush":2,"born_in_chaos_v1:gnawed_bones":3,"minecraft:jungle_sapling":1,"minecraft:iron_nugget":8,"minecraft:sugar_cane":3,"minecraft:furnace":3,"minecraft:raw_iron":75,"minecraft:stick":7,"born_in_chaos_v1:shattered_skull":4,"minecraft:oak_door":2,"minecraft:copper_ingot":36,"minecraft:oak_fence":1,"minecraft:torch":53,"minecraft:acacia_log":6,"tombstone:grave_dust":4,"minecraft:diorite":5,"born_in_chaos_v1:pieceofdarkmetal":8,"minecraft:carrot":15,"minecraft:redstone":28,"alexsmobs:centipede_leg":6,"sophisticatedbackpacks:pickup_upgrade":1,"minecraft:quartz_block":2,"born_in_chaos_v1:fried_maggot":7,"minecraft:arrow":12,"minecraft:rotten_flesh":46,"biomesoplenty:jacaranda_log":23,"minecraft:iron_block":2,"minecraft:cyan_terracotta":2,"tombstone:essence_of_undeath":2,"supplementaries:ash":32,"minecraft:mutton":12,"minecraft:obsidian":2,"minecraft:iron_bars":12,"minecraft:rail":4,"minecraft:skeleton_skull":3,"minecraft:white_wool":9,"minecraft:cobblestone":99,"minecraft:birch_log":25,"born_in_chaos_v1:fused_bone":2,"born_in_chaos_v1:corpse_maggot":18,"born_in_chaos_v1:monster_flesh":3,"minecraft:birch_slab":2,"minecraft:leather":6,"minecraft:brown_wool":1,"minecraft:potato":16,"minecraft:filled_map":1,"paraglider:spirit_orb":12,"minecraft:oak_log":41,"supplementaries:flax_seeds":3,"minecraft:cobblestone_wall":3,"minecraft:gunpowder":2,"minecraft:lapis_lazuli":146,"minecraft:dirt":15,"tombstone:gift":1,"minecraft:name_tag":1,"born_in_chaos_v1:monster_skin":4,"minecraft:bone":47,"minecraft:stone_bricks":7,"minecraft:bow":1,"minecraft:gray_terracotta":13,"minecraft:wheat_seeds":5,"minecraft:raw_gold":33,"minecraft:iron_ingot":1,"minecraft:stone_pickaxe":2,"minecraft:mossy_stone_bricks":1,"minecraft:honeycomb":3,"tombstone:scroll_of_frost_resistance":1,"minecraft:oak_planks":3,"minecraft:sweet_berries":10,"born_in_chaos_v1:ethereal_spirit":11,"minecraft:torchflower_seeds":9,"minecraft:gravel":9,"born_in_chaos_v1:dark_rod":4,"minecraft:stripped_spruce_log":4,"minecraft:spruce_sapling":3,"minecraft:spruce_log":7,"minecraft:spider_eye":5,"alexsmobs:animal_dictionary":1,"minecraft:bundle":1,"minecraft:light_gray_terracotta":2,"minecraft:pumpkin_seeds":3,"tetra:geode":2,"tombstone:familiar_stone":2,"minecraft:diamond":15,"minecraft:oak_sapling":9,"minecraft:black_wool":2,"minecraft:chorus_fruit":1,"minecraft:coal":110,"minecraft:sunflower":4},"minecraft:mined":{"minecraft:diamond_ore":6,"minecraft:tuff":1,"minecraft:blue_stained_glass_pane":4,"minecraft:deepslate_diamond_ore":1,"minecraft:jungle_leaves":1,"born_in_chaos_v1:infected_diamond_ore":3,"minecraft:acacia_log":4,"minecraft:white_stained_glass":3,"minecraft:spruce_leaves":3,"minecraft:spawner":6,"minecraft:light_blue_stained_glass":3,"biomesoplenty:jacaranda_log":28,"minecraft:redstone_ore":4,"biomesoplenty:tall_lavender":1,"minecraft:carrots":4,"minecraft:furnace":2,"minecraft:iron_ore":55,"biomesoplenty:lavender":1,"minecraft:andesite":6,"minecraft:stripped_spruce_log":4,"minecraft:deepslate_lapis_ore":13,"minecraft:deepslate_iron_ore":20,"minecraft:rail":2,"minecraft:iron_bars":12,"minecraft:stone":89,"minecraft:white_wool":4,"biomesoplenty:jacaranda_leaves":48,"minecraft:deepslate_redstone_ore":2,"minecraft:glass_pane":4,"minecraft:acacia_leaves":2,"minecraft:quartz_block":2,"minecraft:cyan_terracotta":2,"minecraft:crafting_table":7,"minecraft:torch":13,"minecraft:light_gray_terracotta":2,"minecraft:deepslate_coal_ore":16,"minecraft:rose_bush":1,"minecraft:copper_ore":45,"minecraft:tall_grass":1,"minecraft:cobblestone":17,"biomesoplenty:sprout":6,"minecraft:deepslate_gold_ore":12,"minecraft:lapis_ore":12,"minecraft:sugar_cane":2,"minecraft:diorite":7,"minecraft:wall_torch":15,"minecraft:deepslate_copper_ore":9,"supplementaries:urn":19,"minecraft:cobblestone_wall":1,"minecraft:birch_log":25,"biomesoplenty:yellow_autumn_leaves":1,"minecraft:wheat":1,"minecraft:sweet_berry_bush":4,"minecraft:spruce_log":7,"minecraft:birch_leaves":2,"biomesoplenty:maple_leaves":1,"minecraft:smooth_stone_slab":1,"minecraft:grass":11,"minecraft:coal_ore":104,"minecraft:oak_log":41,"minecraft:sunflower":4,"minecraft:gravel":7,"minecraft:dirt":1,"biomesoplenty:stringy_cobweb":1,"minecraft:cobweb":53,"minecraft:stone_bricks":7,"minecraft:gold_ore":20,"minecraft:deepslate":23,"biomesoplenty:reed":11,"minecraft:mossy_stone_bricks":1,"minecraft:oak_leaves":15,"minecraft:fern":5},"minecraft:broken":{"minecraft:iron_chestplate":1,"minecraft:iron_leggings":1,"simplyswords:iron_warglaive":1,"minecraft:wooden_pickaxe":1,"minecraft:stone_pickaxe":2,"minecraft:stone_axe":1},"minecraft:custom":{"minecraft:mob_kills":128,"minecraft:interact_with_crafting_table":53,"minecraft:open_barrel":2,"minecraft:damage_dealt_resisted":477,"minecraft:leave_game":8,"minecraft:time_since_death":109646,"minecraft:damage_resisted":68,"minecraft:climb_one_cm":11304,"minecraft:sprint_one_cm":1258188,"minecraft:walk_one_cm":1048866,"minecraft:drop":56,"minecraft:damage_dealt_absorbed":4,"minecraft:talked_to_villager":3,"minecraft:play_time":392557,"minecraft:sneak_time":614,"minecraft:deaths":26,"minecraft:walk_under_water_one_cm":45168,"minecraft:jump":3353,"minecraft:interact_with_blast_furnace":11,"minecraft:walk_on_water_one_cm":78042,"minecraft:total_world_time":392557,"minecraft:interact_with_furnace":33,"minecraft:sleep_in_bed":2,"minecraft:time_since_rest":21327,"minecraft:damage_taken":10598,"minecraft:damage_dealt":26147,"minecraft:swim_one_cm":40562,"minecraft:freezer_opened":3,"minecraft:fly_one_cm":647815,"minecraft:open_chest":80,"minecraft:crouch_one_cm":678,"tombstone:undead_killed":66,"minecraft:fall_one_cm":44569,"minecraft:interact_with_smoker":15},"minecraft:killed":{"born_in_chaos_v1:zombie_clown":1,"minecraft:cave_spider":1,"born_in_chaos_v1:restless_spirit":7,"minecraft:spider":2,"born_in_chaos_v1:siamese_skeletonsright":1,"born_in_chaos_v1:zombie_bruiser":1,"born_in_chaos_v1:baby_skeleton_minion":2,"born_in_chaos_v1:maggot":15,"minecraft:skeleton":13,"born_in_chaos_v1:skeleton_thrasher":2,"alexsmobs:underminer":1,"born_in_chaos_v1:fallen_chaos_knight":1,"born_in_chaos_v1:bonescaller":1,"born_in_chaos_v1:diamond_termite":5,"born_in_chaos_v1:baby_skeleton":1,"born_in_chaos_v1:swarmer":2,"born_in_chaos_v1:decrepit_skeleton":8,"minecraft:sheep":8,"minecraft:zombie":32,"born_in_chaos_v1:dread_hound":4,"born_in_chaos_v1:corpse_fly":13,"born_in_chaos_v1:dark_vortex":1,"born_in_chaos_v1:siamese_skeletonsleft":1,"minecraft:cow":4}},"DataVersion":3465}