{"stats":{"minecraft:mined":{"minecraft:blue_stained_glass_pane":4,"minecraft:jungle_leaves":1,"minecraft:white_stained_glass":3,"minecraft:spawner":4,"minecraft:light_blue_stained_glass":2,"minecraft:furnace":1,"minecraft:carrots":4,"minecraft:stripped_spruce_log":4,"minecraft:stone":23,"minecraft:white_wool":4,"minecraft:quartz_block":2,"minecraft:cyan_terracotta":2,"minecraft:light_gray_terracotta":2,"minecraft:rose_bush":1,"minecraft:tall_grass":1,"minecraft:cobblestone":3,"biomesoplenty:sprout":5,"minecraft:cobblestone_wall":1,"minecraft:birch_log":12,"minecraft:birch_leaves":2,"minecraft:grass":6,"minecraft:oak_log":6,"minecraft:sunflower":4,"minecraft:cobweb":1,"minecraft:stone_bricks":5,"minecraft:mossy_stone_bricks":1,"biomesoplenty:reed":11,"minecraft:oak_leaves":6,"minecraft:fern":5},"minecraft:used":{"simplyswords:iron_warglaive":224,"minecraft:chest":2,"minecraft:rotten_flesh":5,"minecraft:iron_chestplate":1,"minecraft:torch":28,"minecraft:dirt":1,"minecraft:mutton":1,"minecraft:carrot":22,"born_in_chaos_v1:corpse_maggot":2,"minecraft:furnace":1,"tombstone:gift":3,"minecraft:cooked_beef":3,"minecraft:potato":1,"minecraft:baked_potato":5,"minecraft:wooden_pickaxe":48,"minecraft:white_wool":4,"minecraft:white_bed":1,"tombstone:bag_of_seeds":2,"biomesoplenty:yellow_autumn_sapling":1,"minecraft:stone_axe":49,"tombstone:familiar_stone":1,"minecraft:cobblestone":15,"minecraft:bucket":2,"alexsmobs:animal_dictionary":3,"minecraft:bone_meal":51},"minecraft:custom":{"minecraft:mob_kills":56,"minecraft:interact_with_crafting_table":19,"minecraft:open_barrel":2,"minecraft:damage_dealt_resisted":429,"minecraft:leave_game":1,"minecraft:time_since_death":7802,"minecraft:climb_one_cm":6978,"minecraft:sprint_one_cm":600095,"minecraft:walk_one_cm":401382,"minecraft:drop":12,"minecraft:damage_dealt_absorbed":4,"minecraft:talked_to_villager":3,"minecraft:play_time":127114,"minecraft:deaths":13,"minecraft:sneak_time":376,"minecraft:walk_under_water_one_cm":4191,"minecraft:jump":1072,"minecraft:walk_on_water_one_cm":18651,"minecraft:total_world_time":127114,"minecraft:interact_with_furnace":15,"minecraft:sleep_in_bed":1,"minecraft:time_since_rest":7224,"minecraft:damage_taken":4099,"minecraft:damage_dealt":10711,"minecraft:swim_one_cm":10006,"minecraft:fly_one_cm":250539,"minecraft:open_chest":32,"minecraft:crouch_one_cm":358,"tombstone:undead_killed":30,"minecraft:interact_with_smoker":8,"minecraft:fall_one_cm":21006},"minecraft:dropped":{"tetra:scroll_rolled":1,"minecraft:cyan_terracotta":2,"minecraft:brown_wool":1,"minecraft:jungle_sapling":1,"minecraft:cobblestone_wall":2,"minecraft:torchflower_seeds":3,"supplementaries:ash":1,"minecraft:gray_terracotta":13,"minecraft:shield":1,"minecraft:iron_chestplate":1,"minecraft:mossy_stone_bricks":1,"minecraft:stone_bricks":1},"minecraft:crafted":{"minecraft:oak_planks":24,"minecraft:bone_meal":51,"simplyswords:iron_warglaive":1,"minecraft:leather":2,"minecraft:chest":2,"minecraft:cooked_beef":3,"paraglider:paraglider":1,"minecraft:oak_slab":42,"minecraft:crossbow":1,"minecraft:spruce_planks":16,"minecraft:wooden_pickaxe":1,"minecraft:baked_potato":35,"minecraft:bone":6,"minecraft:birch_planks":48,"minecraft:stone_axe":1,"minecraft:air":0,"minecraft:iron_chestplate":2,"minecraft:charcoal":2,"minecraft:shield":1,"minecraft:stick":14,"minecraft:iron_ingot":22,"minecraft:iron_leggings":2,"minecraft:white_bed":1,"minecraft:torch":32},"minecraft:killed":{"born_in_chaos_v1:zombie_clown":1,"born_in_chaos_v1:restless_spirit":3,"minecraft:spider":1,"born_in_chaos_v1:siamese_skeletonsright":1,"born_in_chaos_v1:baby_skeleton_minion":2,"born_in_chaos_v1:maggot":6,"minecraft:skeleton":3,"born_in_chaos_v1:skeleton_thrasher":2,"born_in_chaos_v1:bonescaller":1,"born_in_chaos_v1:decrepit_skeleton":1,"minecraft:sheep":8,"minecraft:zombie":18,"born_in_chaos_v1:dread_hound":1,"born_in_chaos_v1:corpse_fly":5,"born_in_chaos_v1:siamese_skeletonsleft":1,"minecraft:cow":2},"minecraft:picked_up":{"minecraft:iron_chestplate":2,"minecraft:string":2,"minecraft:iron_leggings":1,"born_in_chaos_v1:intoxicating_decoction":1,"minecraft:beef":3,"minecraft:rose_bush":1,"born_in_chaos_v1:gnawed_bones":1,"minecraft:jungle_sapling":1,"minecraft:furnace":1,"minecraft:stick":2,"born_in_chaos_v1:shattered_skull":2,"minecraft:acacia_log":2,"tombstone:grave_dust":3,"born_in_chaos_v1:pieceofdarkmetal":3,"minecraft:carrot":15,"minecraft:quartz_block":2,"born_in_chaos_v1:fried_maggot":7,"minecraft:arrow":5,"minecraft:rotten_flesh":18,"minecraft:iron_block":2,"minecraft:cyan_terracotta":2,"tombstone:essence_of_undeath":1,"supplementaries:ash":3,"minecraft:mutton":12,"minecraft:white_wool":9,"minecraft:cobblestone":22,"born_in_chaos_v1:fused_bone":2,"minecraft:birch_log":12,"born_in_chaos_v1:corpse_maggot":4,"born_in_chaos_v1:monster_flesh":1,"minecraft:brown_wool":1,"minecraft:leather":2,"minecraft:potato":1,"paraglider:spirit_orb":8,"minecraft:oak_log":6,"minecraft:cobblestone_wall":3,"minecraft:dirt":1,"tombstone:gift":1,"born_in_chaos_v1:monster_skin":1,"minecraft:bone":13,"minecraft:stone_bricks":5,"minecraft:bow":1,"minecraft:gray_terracotta":13,"minecraft:wheat_seeds":3,"minecraft:iron_ingot":1,"minecraft:mossy_stone_bricks":1,"born_in_chaos_v1:ethereal_spirit":5,"minecraft:torchflower_seeds":6,"minecraft:stripped_spruce_log":4,"minecraft:spider_eye":1,"minecraft:bundle":1,"minecraft:light_gray_terracotta":1,"minecraft:pumpkin_seeds":3,"minecraft:oak_sapling":5,"minecraft:black_wool":2,"minecraft:sunflower":3}},"DataVersion":3465}