{"stats":{"minecraft:picked_up":{"minecraft:wooden_axe":1,"minecraft:crafting_table":10,"minecraft:amethyst_block":4,"minecraft:string":3,"minecraft:raw_copper":125,"minecraft:wooden_sword":1,"biomesoplenty:yellow_autumn_sapling":36,"born_in_chaos_v1:intoxicating_decoction":2,"minecraft:cobbled_deepslate":23,"biomesoplenty:fir_planks":2,"minecraft:rose_bush":1,"minecraft:calcite":1,"minecraft:iron_nugget":12,"minecraft:light_gray_wool":1,"minecraft:chest":1,"crossbowverhaul:bolt_iron":5,"minecraft:mangrove_log":2,"minecraft:furnace":7,"minecraft:stick":1,"minecraft:raw_iron":18,"minecraft:torch":12,"minecraft:porkchop":2,"tombstone:grave_dust":1,"minecraft:arrow":2,"minecraft:rotten_flesh":15,"sophisticatedbackpacks:copper_backpack":1,"supplementaries:ash":9,"minecraft:mutton":8,"minecraft:white_wool":2,"minecraft:cobblestone":189,"born_in_chaos_v1:fused_bone":6,"born_in_chaos_v1:corpse_maggot":15,"minecraft:iron_door":1,"minecraft:potato":1,"biomesoplenty:fir_log":21,"paraglider:spirit_orb":4,"minecraft:oak_log":1,"supplementaries:flax_seeds":4,"minecraft:cobblestone_wall":2,"minecraft:gunpowder":1,"minecraft:dirt":68,"born_in_chaos_v1:monster_skin":2,"minecraft:bone":82,"tetra:scroll_rolled":2,"minecraft:wheat_seeds":11,"biomesoplenty:fir_boat":1,"minecraft:raw_gold":7,"minecraft:iron_ingot":2,"minecraft:stone_pickaxe":2,"minecraft:moss_block":1,"biomesoplenty:umbran_log":51,"biomesoplenty:toadstool":3,"minecraft:smooth_basalt":1,"minecraft:cooked_porkchop":2,"minecraft:gravel":17,"tombstone:scroll_of_feather_fall":1,"minecraft:spider_eye":4,"minecraft:bundle":2,"minecraft:gray_wool":1,"minecraft:emerald":2,"minecraft:baked_potato":31,"minecraft:coal":14},"minecraft:used":{"minecraft:moss_block":1,"minecraft:stone_sword":130,"minecraft:shield":16,"minecraft:iron_sword":52,"minecraft:rotten_flesh":11,"minecraft:iron_chestplate":1,"minecraft:torch":29,"minecraft:dirt":71,"biomesoplenty:umbran_log":5,"minecraft:carrot":6,"tetra:scroll_rolled":3,"born_in_chaos_v1:corpse_maggot":8,"minecraft:wooden_axe":59,"minecraft:smooth_basalt":1,"minecraft:furnace":5,"tombstone:gift":4,"minecraft:potato":5,"minecraft:water_bucket":3,"minecraft:amethyst_block":2,"minecraft:oak_planks":4,"minecraft:stone_pickaxe":219,"minecraft:baked_potato":27,"minecraft:wooden_pickaxe":16,"biomesoplenty:fir_planks":2,"biomesoplenty:fir_boat":1,"minecraft:crafting_table":10,"born_in_chaos_v1:monster_flesh":1,"minecraft:bread":3,"minecraft:iron_pickaxe":98,"minecraft:gravel":5,"minecraft:stone_axe":51,"minecraft:wooden_sword":12,"minecraft:cobblestone":77,"minecraft:cooked_porkchop":4,"minecraft:bucket":4,"alexsmobs:animal_dictionary":1},"minecraft:broken":{"minecraft:stone_sword":1},"minecraft:custom":{"minecraft:mob_kills":46,"minecraft:interact_with_crafting_table":18,"minecraft:open_barrel":23,"minecraft:damage_dealt_resisted":38,"minecraft:leave_game":3,"minecraft:time_since_death":16711,"minecraft:climb_one_cm":5430,"minecraft:sprint_one_cm":347846,"minecraft:walk_one_cm":363827,"minecraft:damage_blocked_by_shield":448,"minecraft:drop":55,"minecraft:play_time":171646,"minecraft:deaths":10,"minecraft:sneak_time":1748,"minecraft:walk_under_water_one_cm":4718,"minecraft:boat_one_cm":14955,"minecraft:jump":4201,"minecraft:walk_on_water_one_cm":11953,"minecraft:total_world_time":171646,"minecraft:interact_with_furnace":33,"tombstone:raider_killed":1,"minecraft:interact_with_loom":1,"minecraft:interact_with_stonecutter":1,"minecraft:time_since_rest":14312,"minecraft:damage_taken":4775,"minecraft:damage_dealt":8102,"minecraft:freezer_opened":1,"minecraft:fly_one_cm":946082,"minecraft:swim_one_cm":13842,"minecraft:open_chest":31,"minecraft:crouch_one_cm":3179,"tombstone:undead_killed":16,"minecraft:fall_one_cm":100197},"minecraft:mined":{"minecraft:grass_block":4,"minecraft:spruce_leaves":2,"minecraft:moss_block":1,"minecraft:furnace":7,"biomesoplenty:toadstool":2,"minecraft:fire":3,"minecraft:iron_ore":8,"minecraft:andesite":2,"minecraft:deepslate_iron_ore":11,"minecraft:stone":194,"tetra:scroll_rolled":2,"minecraft:crafting_table":10,"minecraft:torch":11,"minecraft:calcite":1,"biomesoplenty:fir_planks":2,"minecraft:chest":1,"minecraft:white_stained_glass_pane":1,"minecraft:rose_bush":1,"minecraft:cobblestone":12,"minecraft:copper_ore":37,"biomesoplenty:sprout":11,"minecraft:iron_door":1,"minecraft:wall_torch":2,"minecraft:amethyst_block":4,"supplementaries:urn":4,"minecraft:cobblestone_wall":2,"biomesoplenty:maple_leaves":4,"minecraft:orange_tulip":1,"biomesoplenty:umbran_log":54,"biomesoplenty:fir_log":22,"minecraft:grass":14,"minecraft:coal_ore":14,"biomesoplenty:fir_leaves":5,"minecraft:dirt":25,"minecraft:gravel":4,"biomesoplenty:umbran_leaves":4,"minecraft:smooth_basalt":2,"minecraft:gold_ore":8,"minecraft:oak_leaves":3,"minecraft:deepslate":18,"minecraft:fern":4},"minecraft:crafted":{"minecraft:wooden_sword":1,"minecraft:oak_planks":4,"minecraft:furnace":2,"minecraft:stone_pickaxe":2,"biomesoplenty:fir_boat":1,"minecraft:cooked_porkchop":2,"minecraft:crafting_table":1,"minecraft:wooden_pickaxe":1,"minecraft:baked_potato":3,"minecraft:iron_sword":2,"minecraft:stone_axe":1,"minecraft:bread":9,"minecraft:air":0,"biomesoplenty:fir_planks":84,"minecraft:iron_chestplate":1,"minecraft:shield":1,"minecraft:stick":24,"minecraft:iron_ingot":16,"minecraft:iron_pickaxe":1,"minecraft:wooden_axe":1,"minecraft:stone_sword":1,"minecraft:iron_shovel":1,"minecraft:torch":28},"minecraft:killed":{"born_in_chaos_v1:zombie_clown":1,"born_in_chaos_v1:zombie_lumberjack":1,"minecraft:spider":1,"born_in_chaos_v1:zombie_bruiser":1,"born_in_chaos_v1:maggot":1,"minecraft:phantom":1,"minecraft:skeleton":2,"born_in_chaos_v1:bonescaller":1,"minecraft:sheep":4,"minecraft:pillager":1,"alexsmobs:cockroach":1,"minecraft:zombie":10,"born_in_chaos_v1:corpse_fly":11,"endofherobrine:pigman":1},"minecraft:dropped":{"minecraft:iron_ingot":1,"minecraft:bread":3,"minecraft:iron_sword":1,"minecraft:wheat_seeds":9,"minecraft:crafting_table":1,"minecraft:coal":2,"born_in_chaos_v1:monster_skin":1,"minecraft:torch":4,"minecraft:wooden_axe":1,"born_in_chaos_v1:fused_bone":3,"tombstone:grave_dust":1,"minecraft:wooden_sword":2,"minecraft:string":2,"minecraft:bone":44,"minecraft:gravel":9,"biomesoplenty:toadstool":3,"minecraft:furnace":2,"minecraft:iron_nugget":6,"biomesoplenty:yellow_autumn_sapling":36,"minecraft:rotten_flesh":3,"born_in_chaos_v1:smoked_flesh":8,"minecraft:carrot":2,"supplementaries:flax_seeds":4,"supplementaries:ash":8,"minecraft:potato":3,"crossbowverhaul:bolt_iron":2,"minecraft:mangrove_log":2,"minecraft:spider_eye":3,"minecraft:stone_pickaxe":3,"minecraft:wooden_pickaxe":1,"minecraft:calcite":1}},"DataVersion":3465}