{"stats":{"minecraft:mined":{"biomesoplenty:toadstool":2,"minecraft:andesite":2,"biomesoplenty:fir_log":22,"minecraft:crafting_table":3,"minecraft:torch":3,"minecraft:grass":5,"minecraft:grass_block":1,"biomesoplenty:fir_leaves":5,"minecraft:dirt":16,"minecraft:copper_ore":5,"biomesoplenty:sprout":2,"minecraft:stone":90,"minecraft:fern":4},"minecraft:used":{"minecraft:wooden_axe":29,"minecraft:stone_sword":10,"minecraft:stone_pickaxe":85,"minecraft:wooden_pickaxe":16,"minecraft:torch":3,"minecraft:wooden_sword":12,"minecraft:dirt":31,"minecraft:cobblestone":1,"minecraft:crafting_table":3,"minecraft:carrot":6,"tombstone:gift":2,"alexsmobs:animal_dictionary":1},"minecraft:custom":{"minecraft:time_since_rest":7670,"minecraft:sprint_one_cm":40218,"minecraft:damage_taken":711,"minecraft:walk_one_cm":62027,"minecraft:mob_kills":9,"minecraft:drop":3,"minecraft:damage_dealt":679,"minecraft:interact_with_crafting_table":2,"minecraft:fly_one_cm":105036,"minecraft:open_barrel":14,"minecraft:open_chest":10,"minecraft:crouch_one_cm":536,"minecraft:play_time":39887,"tombstone:undead_killed":3,"minecraft:deaths":2,"minecraft:sneak_time":506,"minecraft:jump":444,"minecraft:leave_game":2,"minecraft:time_since_death":7883,"minecraft:climb_one_cm":60,"minecraft:total_world_time":39887,"minecraft:fall_one_cm":13699},"minecraft:killed":{"minecraft:zombie":3},"minecraft:crafted":{"biomesoplenty:fir_planks":84,"minecraft:wooden_sword":1,"minecraft:crafting_table":1,"minecraft:stick":16,"minecraft:stone_pickaxe":1,"minecraft:wooden_pickaxe":1,"minecraft:wooden_axe":1,"minecraft:stone_sword":1,"minecraft:torch":12},"minecraft:dropped":{"biomesoplenty:toadstool":1,"minecraft:wheat_seeds":1,"minecraft:wooden_sword":1},"minecraft:picked_up":{"biomesoplenty:toadstool":3,"minecraft:crafting_table":3,"minecraft:torch":3,"minecraft:potato":1,"biomesoplenty:fir_log":21,"minecraft:gunpowder":1,"minecraft:raw_copper":16,"minecraft:dirt":24,"minecraft:wooden_sword":1,"minecraft:rotten_flesh":2,"minecraft:wheat_seeds":1,"minecraft:cobblestone":82}},"DataVersion":3465}