{"stats":{"minecraft:picked_up":{"minecraft:wooden_axe":1,"born_in_chaos_v1:corpse_maggot":8,"minecraft:crafting_table":9,"minecraft:potato":1,"biomesoplenty:fir_log":21,"paraglider:spirit_orb":4,"supplementaries:flax_seeds":4,"minecraft:gunpowder":1,"minecraft:amethyst_block":4,"minecraft:string":3,"biomesoplenty:yellow_autumn_sapling":36,"minecraft:dirt":66,"minecraft:raw_copper":125,"minecraft:wooden_sword":1,"born_in_chaos_v1:monster_skin":2,"tetra:scroll_rolled":2,"minecraft:bone":81,"minecraft:wheat_seeds":11,"minecraft:cobbled_deepslate":23,"minecraft:raw_gold":7,"biomesoplenty:fir_planks":2,"minecraft:stone_pickaxe":2,"minecraft:calcite":1,"minecraft:iron_nugget":12,"minecraft:moss_block":1,"minecraft:chest":1,"biomesoplenty:umbran_log":51,"minecraft:furnace":7,"biomesoplenty:toadstool":3,"minecraft:stick":1,"minecraft:raw_iron":16,"minecraft:smooth_basalt":1,"minecraft:cooked_porkchop":2,"minecraft:torch":11,"tombstone:scroll_of_feather_fall":1,"minecraft:gravel":17,"minecraft:porkchop":2,"minecraft:bundle":2,"minecraft:spider_eye":4,"minecraft:rotten_flesh":10,"minecraft:emerald":2,"supplementaries:ash":8,"minecraft:coal":10,"minecraft:cobblestone":130,"born_in_chaos_v1:fused_bone":6},"minecraft:used":{"minecraft:moss_block":1,"minecraft:amethyst_block":2,"minecraft:stone_sword":92,"minecraft:stone_pickaxe":190,"minecraft:baked_potato":3,"minecraft:wooden_pickaxe":16,"minecraft:shield":11,"minecraft:iron_sword":2,"biomesoplenty:fir_planks":2,"minecraft:iron_chestplate":1,"minecraft:rotten_flesh":11,"minecraft:torch":24,"minecraft:dirt":36,"biomesoplenty:umbran_log":5,"minecraft:crafting_table":8,"minecraft:carrot":6,"tetra:scroll_rolled":3,"minecraft:wooden_axe":59,"born_in_chaos_v1:corpse_maggot":8,"born_in_chaos_v1:monster_flesh":1,"minecraft:bread":3,"minecraft:iron_pickaxe":57,"minecraft:gravel":5,"minecraft:smooth_basalt":1,"minecraft:stone_axe":39,"minecraft:wooden_sword":12,"minecraft:cobblestone":77,"minecraft:furnace":5,"minecraft:cooked_porkchop":4,"tombstone:gift":2,"alexsmobs:animal_dictionary":1,"minecraft:potato":5},"minecraft:custom":{"minecraft:interact_with_furnace":32,"minecraft:mob_kills":28,"minecraft:interact_with_crafting_table":14,"minecraft:open_barrel":15,"minecraft:damage_dealt_resisted":38,"minecraft:leave_game":3,"minecraft:time_since_death":3487,"minecraft:climb_one_cm":60,"minecraft:time_since_rest":2434,"minecraft:damage_taken":2404,"minecraft:sprint_one_cm":168528,"minecraft:walk_one_cm":215794,"minecraft:damage_blocked_by_shield":312,"minecraft:drop":49,"minecraft:damage_dealt":3907,"minecraft:swim_one_cm":13188,"minecraft:fly_one_cm":474379,"minecraft:open_chest":17,"minecraft:crouch_one_cm":915,"minecraft:play_time":111646,"tombstone:undead_killed":7,"minecraft:deaths":5,"minecraft:sneak_time":767,"minecraft:walk_under_water_one_cm":660,"minecraft:jump":2312,"minecraft:walk_on_water_one_cm":4915,"minecraft:total_world_time":111646,"minecraft:fall_one_cm":59837},"minecraft:mined":{"tetra:scroll_rolled":2,"minecraft:crafting_table":8,"minecraft:torch":10,"biomesoplenty:fir_planks":2,"minecraft:grass_block":3,"minecraft:calcite":1,"minecraft:chest":1,"minecraft:copper_ore":37,"minecraft:cobblestone":12,"biomesoplenty:sprout":3,"minecraft:moss_block":1,"minecraft:wall_torch":1,"minecraft:amethyst_block":4,"supplementaries:urn":4,"minecraft:furnace":7,"biomesoplenty:toadstool":2,"minecraft:iron_ore":6,"minecraft:andesite":2,"biomesoplenty:umbran_log":54,"biomesoplenty:fir_log":22,"minecraft:grass":11,"minecraft:coal_ore":10,"minecraft:deepslate_iron_ore":11,"biomesoplenty:fir_leaves":5,"minecraft:gravel":4,"minecraft:dirt":24,"biomesoplenty:umbran_leaves":4,"minecraft:smooth_basalt":2,"minecraft:stone":135,"minecraft:gold_ore":8,"minecraft:deepslate":18,"minecraft:fern":4},"minecraft:crafted":{"minecraft:wooden_sword":1,"minecraft:cooked_porkchop":2,"minecraft:crafting_table":1,"minecraft:wooden_pickaxe":1,"minecraft:baked_potato":3,"minecraft:iron_sword":1,"minecraft:furnace":2,"minecraft:stone_axe":1,"minecraft:air":0,"minecraft:bread":6,"biomesoplenty:fir_planks":84,"minecraft:iron_chestplate":1,"minecraft:shield":1,"minecraft:stick":24,"minecraft:iron_ingot":16,"minecraft:iron_pickaxe":1,"minecraft:stone_pickaxe":2,"minecraft:wooden_axe":1,"minecraft:stone_sword":1,"minecraft:iron_shovel":1,"minecraft:torch":20},"minecraft:killed":{"born_in_chaos_v1:bonescaller":1,"minecraft:spider":1,"born_in_chaos_v1:maggot":1,"minecraft:phantom":1,"minecraft:zombie":6,"alexsmobs:cockroach":1,"born_in_chaos_v1:corpse_fly":8},"minecraft:dropped":{"minecraft:gravel":9,"biomesoplenty:toadstool":3,"minecraft:bread":3,"minecraft:furnace":2,"minecraft:wheat_seeds":9,"minecraft:iron_nugget":6,"biomesoplenty:yellow_autumn_sapling":30,"minecraft:crafting_table":1,"minecraft:rotten_flesh":3,"born_in_chaos_v1:smoked_flesh":8,"minecraft:carrot":2,"minecraft:coal":2,"supplementaries:flax_seeds":4,"supplementaries:ash":8,"minecraft:potato":3,"born_in_chaos_v1:monster_skin":1,"minecraft:torch":4,"minecraft:wooden_axe":1,"minecraft:spider_eye":3,"born_in_chaos_v1:fused_bone":3,"tombstone:grave_dust":1,"minecraft:wooden_sword":2,"minecraft:stone_pickaxe":3,"minecraft:wooden_pickaxe":1,"minecraft:calcite":1,"minecraft:string":2,"minecraft:bone":44}},"DataVersion":3465}