{"stats":{"minecraft:mined":{"minecraft:crafting_table":6,"minecraft:torch":8,"minecraft:calcite":1,"minecraft:grass_block":1,"minecraft:cobblestone":11,"minecraft:copper_ore":23,"biomesoplenty:sprout":2,"minecraft:wall_torch":1,"minecraft:amethyst_block":3,"supplementaries:urn":4,"minecraft:furnace":3,"biomesoplenty:toadstool":2,"minecraft:iron_ore":6,"minecraft:andesite":2,"biomesoplenty:umbran_log":54,"biomesoplenty:fir_log":22,"minecraft:grass":7,"minecraft:deepslate_iron_ore":11,"minecraft:coal_ore":10,"biomesoplenty:fir_leaves":5,"minecraft:gravel":4,"minecraft:dirt":16,"biomesoplenty:umbran_leaves":4,"minecraft:smooth_basalt":2,"minecraft:stone":131,"minecraft:gold_ore":4,"minecraft:deepslate":18,"minecraft:fern":4},"minecraft:used":{"minecraft:amethyst_block":2,"minecraft:stone_sword":70,"minecraft:stone_pickaxe":175,"minecraft:shield":8,"minecraft:wooden_pickaxe":16,"biomesoplenty:fir_planks":1,"minecraft:torch":21,"minecraft:dirt":31,"biomesoplenty:umbran_log":5,"minecraft:crafting_table":6,"minecraft:carrot":6,"born_in_chaos_v1:corpse_maggot":3,"minecraft:wooden_axe":59,"minecraft:bread":3,"minecraft:iron_pickaxe":44,"minecraft:gravel":5,"minecraft:smooth_basalt":1,"minecraft:stone_axe":34,"minecraft:wooden_sword":12,"minecraft:cobblestone":67,"minecraft:cooked_porkchop":4,"minecraft:furnace":3,"tombstone:gift":2,"alexsmobs:animal_dictionary":1,"minecraft:potato":5},"minecraft:custom":{"minecraft:interact_with_furnace":22,"minecraft:mob_kills":21,"minecraft:interact_with_crafting_table":10,"minecraft:open_barrel":14,"minecraft:damage_dealt_resisted":38,"minecraft:leave_game":3,"minecraft:time_since_death":39511,"minecraft:climb_one_cm":60,"minecraft:time_since_rest":39104,"minecraft:sprint_one_cm":93444,"minecraft:walk_one_cm":169756,"minecraft:damage_taken":1580,"minecraft:damage_blocked_by_shield":242,"minecraft:drop":17,"minecraft:damage_dealt":3009,"minecraft:fly_one_cm":235470,"minecraft:open_chest":10,"minecraft:crouch_one_cm":901,"minecraft:play_time":80422,"tombstone:undead_killed":7,"minecraft:deaths":3,"minecraft:sneak_time":745,"minecraft:jump":1421,"minecraft:walk_on_water_one_cm":144,"minecraft:total_world_time":80422,"minecraft:fall_one_cm":40833},"minecraft:killed":{"born_in_chaos_v1:bonescaller":1,"minecraft:spider":1,"born_in_chaos_v1:maggot":1,"minecraft:phantom":1,"alexsmobs:cockroach":1,"minecraft:zombie":6,"born_in_chaos_v1:corpse_fly":2},"minecraft:crafted":{"minecraft:wooden_sword":1,"minecraft:cooked_porkchop":2,"minecraft:crafting_table":1,"minecraft:wooden_pickaxe":1,"minecraft:furnace":2,"minecraft:stone_axe":1,"minecraft:air":0,"minecraft:bread":6,"biomesoplenty:fir_planks":84,"minecraft:shield":1,"minecraft:stick":20,"minecraft:iron_ingot":9,"minecraft:iron_pickaxe":1,"minecraft:stone_pickaxe":2,"minecraft:wooden_axe":1,"minecraft:stone_sword":1,"minecraft:torch":20},"minecraft:dropped":{"minecraft:furnace":2,"biomesoplenty:toadstool":3,"minecraft:bread":3,"minecraft:wheat_seeds":1,"minecraft:crafting_table":1,"minecraft:carrot":2,"minecraft:coal":2,"supplementaries:flax_seeds":4,"supplementaries:ash":8,"minecraft:potato":3,"minecraft:torch":4,"minecraft:wooden_axe":1,"tombstone:grave_dust":1,"minecraft:wooden_sword":2,"minecraft:wooden_pickaxe":1},"minecraft:picked_up":{"minecraft:wooden_axe":1,"born_in_chaos_v1:corpse_maggot":3,"minecraft:crafting_table":7,"minecraft:potato":1,"biomesoplenty:fir_log":21,"supplementaries:flax_seeds":4,"minecraft:gunpowder":1,"minecraft:amethyst_block":3,"minecraft:dirt":24,"minecraft:raw_copper":75,"minecraft:wooden_sword":1,"minecraft:bone":3,"minecraft:wheat_seeds":1,"minecraft:cobbled_deepslate":18,"minecraft:raw_gold":3,"minecraft:calcite":1,"biomesoplenty:umbran_log":51,"minecraft:furnace":3,"biomesoplenty:toadstool":3,"minecraft:smooth_basalt":1,"minecraft:stick":1,"minecraft:raw_iron":16,"minecraft:cooked_porkchop":2,"minecraft:torch":9,"minecraft:gravel":5,"minecraft:porkchop":2,"minecraft:rotten_flesh":7,"supplementaries:ash":8,"minecraft:coal":10,"minecraft:cobblestone":125}},"DataVersion":3465}