{"stats":{"minecraft:picked_up":{"minecraft:wooden_axe":1,"minecraft:crafting_table":9,"minecraft:amethyst_block":4,"minecraft:string":3,"minecraft:raw_copper":125,"minecraft:wooden_sword":1,"biomesoplenty:yellow_autumn_sapling":36,"minecraft:cobbled_deepslate":23,"biomesoplenty:fir_planks":2,"minecraft:rose_bush":1,"minecraft:calcite":1,"minecraft:iron_nugget":12,"minecraft:chest":1,"minecraft:furnace":7,"minecraft:stick":1,"minecraft:raw_iron":16,"minecraft:torch":11,"minecraft:porkchop":2,"minecraft:rotten_flesh":10,"sophisticatedbackpacks:copper_backpack":1,"supplementaries:ash":9,"minecraft:cobblestone":130,"born_in_chaos_v1:fused_bone":6,"born_in_chaos_v1:corpse_maggot":8,"minecraft:potato":1,"biomesoplenty:fir_log":21,"paraglider:spirit_orb":4,"supplementaries:flax_seeds":4,"minecraft:cobblestone_wall":2,"minecraft:gunpowder":1,"minecraft:dirt":66,"born_in_chaos_v1:monster_skin":2,"minecraft:bone":81,"tetra:scroll_rolled":2,"minecraft:wheat_seeds":11,"minecraft:raw_gold":7,"minecraft:iron_ingot":1,"minecraft:stone_pickaxe":2,"minecraft:moss_block":1,"biomesoplenty:umbran_log":51,"biomesoplenty:toadstool":3,"minecraft:smooth_basalt":1,"minecraft:cooked_porkchop":2,"minecraft:gravel":17,"tombstone:scroll_of_feather_fall":1,"minecraft:spider_eye":4,"minecraft:bundle":2,"minecraft:emerald":2,"minecraft:baked_potato":31,"minecraft:coal":10},"minecraft:used":{"minecraft:moss_block":1,"minecraft:stone_sword":92,"minecraft:shield":16,"minecraft:iron_sword":18,"minecraft:rotten_flesh":11,"minecraft:iron_chestplate":1,"minecraft:torch":24,"minecraft:dirt":62,"biomesoplenty:umbran_log":5,"minecraft:carrot":6,"tetra:scroll_rolled":3,"born_in_chaos_v1:corpse_maggot":8,"minecraft:wooden_axe":59,"minecraft:smooth_basalt":1,"minecraft:furnace":5,"tombstone:gift":2,"minecraft:potato":5,"minecraft:water_bucket":2,"minecraft:amethyst_block":2,"minecraft:stone_pickaxe":191,"minecraft:baked_potato":11,"minecraft:wooden_pickaxe":16,"biomesoplenty:fir_planks":2,"minecraft:crafting_table":8,"born_in_chaos_v1:monster_flesh":1,"minecraft:bread":3,"minecraft:iron_pickaxe":59,"minecraft:gravel":5,"minecraft:stone_axe":39,"minecraft:wooden_sword":12,"minecraft:cobblestone":77,"minecraft:cooked_porkchop":4,"minecraft:bucket":3,"alexsmobs:animal_dictionary":1},"minecraft:custom":{"minecraft:mob_kills":31,"minecraft:interact_with_crafting_table":14,"minecraft:open_barrel":15,"minecraft:damage_dealt_resisted":38,"minecraft:leave_game":3,"minecraft:time_since_death":892,"minecraft:climb_one_cm":2846,"minecraft:sprint_one_cm":228182,"minecraft:walk_one_cm":284018,"minecraft:damage_blocked_by_shield":448,"minecraft:drop":52,"minecraft:play_time":135646,"minecraft:deaths":8,"minecraft:sneak_time":1535,"minecraft:walk_under_water_one_cm":660,"minecraft:jump":3061,"minecraft:walk_on_water_one_cm":6093,"minecraft:total_world_time":135646,"minecraft:interact_with_furnace":33,"minecraft:time_since_rest":1,"minecraft:damage_taken":3565,"minecraft:damage_dealt":4717,"minecraft:freezer_opened":1,"minecraft:fly_one_cm":644680,"minecraft:swim_one_cm":13188,"minecraft:open_chest":17,"minecraft:crouch_one_cm":2722,"tombstone:undead_killed":8,"minecraft:fall_one_cm":81113},"minecraft:mined":{"minecraft:grass_block":3,"minecraft:moss_block":1,"minecraft:furnace":7,"biomesoplenty:toadstool":2,"minecraft:iron_ore":6,"minecraft:andesite":2,"minecraft:deepslate_iron_ore":11,"minecraft:stone":135,"tetra:scroll_rolled":2,"minecraft:crafting_table":8,"minecraft:torch":10,"minecraft:calcite":1,"biomesoplenty:fir_planks":2,"minecraft:chest":1,"minecraft:white_stained_glass_pane":1,"minecraft:rose_bush":1,"minecraft:cobblestone":12,"minecraft:copper_ore":37,"biomesoplenty:sprout":4,"minecraft:wall_torch":1,"minecraft:amethyst_block":4,"supplementaries:urn":4,"minecraft:cobblestone_wall":2,"minecraft:orange_tulip":1,"biomesoplenty:umbran_log":54,"biomesoplenty:fir_log":22,"minecraft:grass":13,"minecraft:coal_ore":10,"biomesoplenty:fir_leaves":5,"minecraft:dirt":24,"minecraft:gravel":4,"biomesoplenty:umbran_leaves":4,"minecraft:smooth_basalt":2,"minecraft:gold_ore":8,"minecraft:deepslate":18,"minecraft:fern":4},"minecraft:crafted":{"minecraft:wooden_sword":1,"minecraft:furnace":2,"minecraft:stone_pickaxe":2,"minecraft:cooked_porkchop":2,"minecraft:crafting_table":1,"minecraft:wooden_pickaxe":1,"minecraft:baked_potato":3,"minecraft:iron_sword":1,"minecraft:stone_axe":1,"minecraft:bread":6,"minecraft:air":0,"biomesoplenty:fir_planks":84,"minecraft:iron_chestplate":1,"minecraft:shield":1,"minecraft:stick":24,"minecraft:iron_ingot":16,"minecraft:iron_pickaxe":1,"minecraft:wooden_axe":1,"minecraft:stone_sword":1,"minecraft:iron_shovel":1,"minecraft:torch":20},"minecraft:killed":{"minecraft:spider":1,"born_in_chaos_v1:maggot":1,"minecraft:phantom":1,"born_in_chaos_v1:bonescaller":1,"alexsmobs:cockroach":1,"minecraft:zombie":7,"born_in_chaos_v1:corpse_fly":9,"endofherobrine:pigman":1},"minecraft:dropped":{"minecraft:iron_ingot":1,"minecraft:bread":3,"minecraft:iron_sword":1,"minecraft:wheat_seeds":9,"minecraft:crafting_table":1,"minecraft:coal":2,"born_in_chaos_v1:monster_skin":1,"minecraft:torch":4,"minecraft:wooden_axe":1,"born_in_chaos_v1:fused_bone":3,"tombstone:grave_dust":1,"minecraft:wooden_sword":2,"minecraft:string":2,"minecraft:bone":44,"minecraft:gravel":9,"biomesoplenty:toadstool":3,"minecraft:furnace":2,"minecraft:iron_nugget":6,"biomesoplenty:yellow_autumn_sapling":36,"minecraft:rotten_flesh":3,"born_in_chaos_v1:smoked_flesh":8,"minecraft:carrot":2,"supplementaries:flax_seeds":4,"supplementaries:ash":8,"minecraft:potato":3,"minecraft:spider_eye":3,"minecraft:stone_pickaxe":3,"minecraft:wooden_pickaxe":1,"minecraft:calcite":1}},"DataVersion":3465}