{"stats":{"minecraft:mined":{"minecraft:grass":3,"minecraft:dirt":8,"biomesoplenty:toadstool":1,"biomesoplenty:sprout":1,"minecraft:crafting_table":1,"biomesoplenty:fir_log":6,"minecraft:fern":4},"minecraft:used":{"minecraft:wooden_axe":1,"minecraft:wooden_sword":5,"minecraft:dirt":4,"minecraft:crafting_table":1,"alexsmobs:animal_dictionary":1},"minecraft:custom":{"minecraft:time_since_rest":19631,"minecraft:open_chest":1,"minecraft:crouch_one_cm":536,"minecraft:play_time":19631,"minecraft:sprint_one_cm":17327,"minecraft:damage_taken":140,"minecraft:walk_one_cm":17250,"minecraft:sneak_time":265,"minecraft:mob_kills":1,"minecraft:drop":2,"minecraft:jump":129,"minecraft:damage_dealt":113,"minecraft:time_since_death":19631,"minecraft:total_world_time":19631,"minecraft:interact_with_crafting_table":1,"minecraft:fly_one_cm":34972,"minecraft:fall_one_cm":4726,"minecraft:open_barrel":6},"minecraft:crafted":{"biomesoplenty:fir_planks":24,"minecraft:wooden_sword":1,"minecraft:crafting_table":1,"minecraft:stick":8,"minecraft:wooden_pickaxe":1,"minecraft:wooden_axe":1},"minecraft:dropped":{"biomesoplenty:toadstool":1,"minecraft:wheat_seeds":1},"minecraft:picked_up":{"biomesoplenty:toadstool":1,"minecraft:wheat_seeds":1,"biomesoplenty:fir_log":6,"minecraft:crafting_table":1,"minecraft:dirt":7}},"DataVersion":3465}