{"stats":{"minecraft:used":{"minecraft:polished_blackstone":12,"minecraft:chest":4,"minecraft:shield":154,"minecraft:rotten_flesh":9,"minecraft:iron_chestplate":2,"minecraft:carrot":17,"minecraft:tuff":16,"minecraft:obsidian":20,"born_in_chaos_v1:smoked_flesh":27,"minecraft:iron_helmet":2,"minecraft:stone_bricks":7,"minecraft:bow":3,"minecraft:sweet_berries":53,"minecraft:furnace":5,"minecraft:potato":344,"minecraft:diorite":32,"minecraft:oak_planks":62,"minecraft:stone_pickaxe":222,"minecraft:wooden_pickaxe":11,"biomesoplenty:fir_planks":228,"minecraft:light_gray_terracotta":2,"minecraft:shears":3,"simplyswords:iron_greathammer":606,"born_in_chaos_v1:monster_flesh":1,"minecraft:bread":6,"tombstone:grave_key":7,"minecraft:andesite":27,"minecraft:bone_meal":61,"minecraft:enchanting_table":1,"biomesoplenty:redwood_planks":52,"biomesoplenty:glowing_moss_block":4,"minecraft:spruce_planks":18,"minecraft:stone_hoe":107,"minecraft:torch":41,"minecraft:dirt":44,"minecraft:anvil":1,"minecraft:cobblestone_wall":3,"minecraft:granite":2,"minecraft:iron_hoe":95,"minecraft:dark_oak_planks":8,"minecraft:wooden_axe":25,"minecraft:iron_axe":394,"minecraft:iron_boots":2,"minecraft:diamond_chestplate":1,"tombstone:gift":4,"minecraft:cooked_beef":3,"minecraft:cobbled_deepslate":94,"minecraft:iron_leggings":3,"minecraft:wheat_seeds":41,"minecraft:cooked_mutton":11,"minecraft:water_bucket":33,"tombstone:scroll_of_knowledge":1,"minecraft:birch_planks":15,"minecraft:baked_potato":67,"minecraft:crafting_table":13,"supplementaries:bomb":2,"minecraft:white_bed":6,"minecraft:spruce_log":3,"minecraft:smoker":2,"minecraft:wooden_hoe":47,"minecraft:diamond_pickaxe":1539,"minecraft:black_wool":1,"minecraft:apple":5,"minecraft:diamond_shovel":22,"minecraft:sunflower":1,"minecraft:cracked_polished_blackstone_bricks":1,"minecraft:iron_pickaxe":112,"minecraft:stone_axe":95,"minecraft:cobblestone":231,"minecraft:bucket":34,"biomesoplenty:fir_log":15},"minecraft:dropped":{"minecraft:lapis_lazuli":19,"minecraft:baked_potato":9,"minecraft:diamond":1,"minecraft:leather":2,"paraglider:spirit_orb":4,"born_in_chaos_v1:monster_flesh":4,"minecraft:dirt":3,"born_in_chaos_v1:monster_skin":4,"biomesoplenty:yellow_autumn_leaves":1,"minecraft:chain":2,"minecraft:gold_nugget":4,"minecraft:sunflower":2,"minecraft:polished_blackstone_bricks":2,"minecraft:birch_log":1,"biomesoplenty:toadstool":12,"minecraft:stone_axe":3,"minecraft:iron_nugget":1,"alexsmobs:animal_dictionary":1,"born_in_chaos_v1:ethereal_spirit":2,"tombstone:gift":1,"minecraft:rotten_flesh":8,"minecraft:oak_planks":24,"minecraft:carrot":1,"biomesoplenty:glowing_moss_carpet":2,"minecraft:poppy":1,"supplementaries:flax_seeds":5,"supplementaries:ash":8,"minecraft:melon_seeds":8,"born_in_chaos_v1:corpse_maggot":16,"minecraft:bread":1,"minecraft:wheat_seeds":65,"minecraft:polished_blackstone":1,"minecraft:poisonous_potato":4,"minecraft:iron_helmet":1,"minecraft:feather":2,"minecraft:cobblestone":4,"minecraft:granite":1,"minecraft:spruce_door":1,"minecraft:stick":24,"biomesoplenty:violet":1,"minecraft:iron_block":2,"born_in_chaos_v1:gnawed_bones":1,"minecraft:torch":14,"tombstone:grave_key":3,"minecraft:cooked_salmon":6,"tombstone:grave_dust":2,"minecraft:iron_leggings":1,"tacz:modern_kinetic_gun":1,"minecraft:string":11,"minecraft:bucket":1,"minecraft:spruce_sapling":3,"minecraft:dandelion":2,"minecraft:smooth_stone_slab":6,"tetra:geode":1,"biomesoplenty:redwood_planks":51,"minecraft:iron_boots":1,"minecraft:pumpkin_seeds":5,"minecraft:lily_of_the_valley":1,"minecraft:potato":1,"biomesoplenty:fir_planks":3,"minecraft:spruce_planks":2,"minecraft:iron_chestplate":1,"minecraft:andesite":1,"minecraft:oak_sapling":5,"minecraft:stone_bricks":4,"minecraft:spruce_log":6,"pfm:furniture_book":1,"tetra:metal_scrap":3,"simplyswords:iron_greathammer":1},"minecraft:crafted":{"minecraft:oak_planks":120,"minecraft:diamond_shovel":1,"minecraft:cooked_mutton":11,"minecraft:bow":3,"minecraft:iron_boots":3,"minecraft:chest":4,"minecraft:stone_hoe":1,"minecraft:smoker":1,"minecraft:crafting_table":8,"minecraft:spruce_planks":36,"minecraft:iron_helmet":3,"minecraft:wooden_pickaxe":1,"minecraft:baked_potato":192,"minecraft:copper_ingot":23,"minecraft:birch_planks":24,"biomesoplenty:fir_planks":284,"minecraft:wooden_hoe":1,"minecraft:iron_chestplate":2,"minecraft:diamond_pickaxe":2,"minecraft:shield":3,"minecraft:stick":60,"born_in_chaos_v1:smoked_flesh":29,"minecraft:iron_ingot":206,"minecraft:iron_pickaxe":1,"minecraft:iron_block":2,"minecraft:gold_ingot":10,"minecraft:shears":1,"minecraft:iron_nugget":27,"minecraft:furnace":5,"minecraft:bone_meal":60,"minecraft:diamond":2,"minecraft:iron_axe":2,"minecraft:iron_hoe":1,"minecraft:stone_pickaxe":1,"minecraft:dark_oak_planks":8,"minecraft:cooked_beef":3,"biomesoplenty:redwood_planks":60,"minecraft:cooked_salmon":6,"minecraft:bucket":2,"minecraft:stone_axe":3,"minecraft:bread":5,"simplyswords:iron_greathammer":4,"minecraft:air":0,"minecraft:white_wool":6,"minecraft:wooden_axe":2,"minecraft:iron_leggings":3,"minecraft:white_bed":3,"minecraft:torch":24,"minecraft:diamond_chestplate":1},"minecraft:picked_up":{"minecraft:iron_chestplate":1,"minecraft:wheat":23,"minecraft:anvil":1,"biomesoplenty:violet":1,"tombstone:grave_key":2,"born_in_chaos_v1:black_argillite":11,"minecraft:string":6,"minecraft:raw_copper":87,"biomesoplenty:yellow_autumn_sapling":8,"minecraft:smooth_stone_slab":13,"biomesoplenty:yellow_autumn_leaves":1,"minecraft:gold_nugget":13,"minecraft:cobbled_deepslate":628,"biomesoplenty:fir_planks":78,"minecraft:spruce_planks":2,"tetra:metal_scrap":6,"minecraft:iron_pickaxe":1,"biomesoplenty:redwood_wood":15,"minecraft:furnace":1,"minecraft:stick":8,"minecraft:oak_fence":1,"minecraft:torch":53,"tombstone:grave_dust":2,"minecraft:diorite":63,"minecraft:quartz_block":4,"minecraft:rotten_flesh":69,"supplementaries:ash":15,"minecraft:obsidian":20,"minecraft:iron_bars":1,"minecraft:cobblestone":301,"minecraft:birch_log":71,"minecraft:enchanting_table":1,"minecraft:feather":2,"minecraft:water_bucket":1,"minecraft:andesite":53,"minecraft:smoker":1,"minecraft:potato":556,"biomesoplenty:fir_log":87,"paraglider:spirit_orb":6,"minecraft:tuff":144,"supplementaries:flax_seeds":6,"minecraft:lapis_lazuli":139,"minecraft:dirt":52,"minecraft:name_tag":1,"born_in_chaos_v1:monster_skin":12,"minecraft:bone":47,"minecraft:bow":4,"minecraft:wheat_seeds":106,"minecraft:raw_gold":25,"minecraft:diamond_helmet":1,"minecraft:oak_planks":30,"biomesoplenty:toadstool":24,"minecraft:poisonous_potato":4,"tetra:chthonic_extractor":2,"minecraft:lily_of_the_valley":1,"minecraft:dark_oak_log":2,"minecraft:light_gray_terracotta":2,"minecraft:diamond":15,"tetra:forged_beam":1,"minecraft:cracked_polished_blackstone_bricks":6,"minecraft:granite":4,"minecraft:bone_meal":1,"alexsmobs:banana_slug_slime":1,"minecraft:oak_sapling":9,"minecraft:crafting_table":5,"born_in_chaos_v1:diamond_termite_shard":1,"born_in_chaos_v1:seedof_chaos":1,"minecraft:chain":2,"minecraft:shield":1,"tacz:ammo":24,"supplementaries:bomb":2,"minecraft:beef":10,"born_in_chaos_v1:gnawed_bones":1,"minecraft:iron_nugget":20,"minecraft:poppy":1,"minecraft:raw_iron":108,"minecraft:oak_door":1,"minecraft:polished_blackstone_bricks":2,"born_in_chaos_v1:pieceofdarkmetal":4,"minecraft:carrot":21,"minecraft:redstone":60,"biomesoplenty:redwood_planks":56,"minecraft:arrow":19,"minecraft:hay_block":14,"tombstone:essence_of_undeath":1,"minecraft:gold_ingot":17,"minecraft:polished_blackstone":20,"minecraft:mutton":8,"minecraft:white_wool":11,"born_in_chaos_v1:corpse_maggot":18,"born_in_chaos_v1:monster_flesh":17,"minecraft:salmon":6,"minecraft:leather":11,"minecraft:birch_planks":11,"minecraft:oak_log":37,"minecraft:cobblestone_wall":7,"minecraft:gunpowder":2,"biomesoplenty:glowing_moss_carpet":2,"minecraft:apple":1,"minecraft:stone_bricks":11,"born_in_chaos_v1:smoked_flesh":15,"minecraft:iron_ingot":21,"minecraft:book":12,"minecraft:sweet_berries":44,"born_in_chaos_v1:ethereal_spirit":2,"minecraft:dandelion":2,"minecraft:gravel":23,"born_in_chaos_v1:dark_rod":2,"minecraft:spruce_sapling":6,"born_in_chaos_v1:fangofthe_hound_leader":3,"minecraft:white_bed":3,"minecraft:spruce_log":31,"biomesoplenty:glowing_moss_block":4,"minecraft:spruce_door":1,"minecraft:spider_eye":1,"minecraft:pumpkin_seeds":1,"tetra:geode":16,"minecraft:stone_axe":3,"tacz:modern_kinetic_gun":2,"minecraft:black_wool":1,"minecraft:coal":82,"minecraft:sunflower":3},"minecraft:mined":{"biomesoplenty:glowshroom":1,"minecraft:spruce_planks":1,"minecraft:white_bed":1,"minecraft:farmland":3,"minecraft:obsidian":21,"minecraft:granite":4,"minecraft:grass_block":28,"minecraft:cracked_polished_blackstone_bricks":6,"tetra:forged_crate":3,"minecraft:spawner":8,"minecraft:light_blue_stained_glass":2,"minecraft:polished_blackstone_bricks":3,"minecraft:iron_ore":73,"minecraft:cobbled_deepslate":4,"biomesoplenty:violet":1,"minecraft:pumpkin":2,"minecraft:deepslate_lapis_ore":3,"minecraft:anvil":1,"minecraft:enchanting_table":1,"minecraft:iron_bars":3,"biomesoplenty:webbing":1,"minecraft:deepslate_redstone_ore":20,"minecraft:quartz_block":6,"biomesoplenty:glowing_moss_carpet":1,"biomesoplenty:glowworm_silk":2,"minecraft:smoker":1,"minecraft:blue_stained_glass":5,"minecraft:torch":7,"minecraft:light_gray_terracotta":3,"minecraft:poppy":1,"minecraft:spruce_wall_sign":1,"minecraft:glass":2,"minecraft:cobblestone":37,"minecraft:oak_planks":8,"minecraft:wall_torch":3,"minecraft:deepslate_copper_ore":14,"minecraft:seagrass":1,"minecraft:acacia_sapling":1,"biomesoplenty:glowworm_silk_strand":1,"minecraft:birch_log":70,"paraglider:horned_statue":1,"minecraft:wheat":38,"biomesoplenty:fir_log":97,"minecraft:smooth_stone_slab":26,"minecraft:grass":35,"minecraft:oak_log":37,"minecraft:dirt":16,"minecraft:smooth_basalt":2,"minecraft:oak_leaves":55,"minecraft:deepslate":812,"biomesoplenty:reed":4,"biomesoplenty:glowing_moss_block":4,"minecraft:tube_coral":1,"minecraft:diamond_ore":2,"minecraft:tuff":154,"minecraft:blue_stained_glass_pane":2,"minecraft:mossy_cobblestone":1,"minecraft:deepslate_diamond_ore":10,"tetra:block_geode":17,"minecraft:jack_o_lantern":1,"minecraft:gray_stained_glass_pane":2,"born_in_chaos_v1:black_argillite":11,"minecraft:white_stained_glass":3,"minecraft:spruce_leaves":13,"minecraft:large_fern":1,"minecraft:hay_block":14,"minecraft:spruce_sapling":1,"minecraft:furnace":1,"minecraft:carrots":8,"biomesoplenty:toadstool":2,"minecraft:andesite":59,"minecraft:bookshelf":4,"minecraft:potatoes":163,"minecraft:deepslate_iron_ore":13,"biomesoplenty:barley":40,"biomesoplenty:spider_egg":1,"minecraft:stone":297,"biomesoplenty:redwood_planks":5,"minecraft:glass_pane":2,"minecraft:dandelion":1,"minecraft:oak_fence":1,"minecraft:crafting_table":6,"biomesoplenty:fir_planks":27,"minecraft:copper_ore":14,"minecraft:deepslate_gold_ore":17,"biomesoplenty:sprout":20,"minecraft:lapis_ore":15,"minecraft:diorite":78,"supplementaries:urn":14,"minecraft:birch_planks":7,"minecraft:cobblestone_wall":16,"biomesoplenty:yellow_autumn_leaves":6,"minecraft:sweet_berry_bush":18,"minecraft:spruce_log":32,"minecraft:coal_ore":60,"biomesoplenty:fir_leaves":1,"minecraft:sunflower":4,"minecraft:gravel":22,"biomesoplenty:stringy_cobweb":5,"minecraft:cobweb":1,"minecraft:cracked_stone_bricks":2,"minecraft:polished_blackstone":21,"minecraft:stone_bricks":10,"minecraft:gold_ore":8,"biomesoplenty:redwood_wood":15,"minecraft:fern":75},"minecraft:broken":{"minecraft:iron_boots":1,"minecraft:iron_chestplate":1,"minecraft:iron_leggings":1,"minecraft:stone_pickaxe":1,"simplyswords:iron_greathammer":2,"minecraft:shield":2,"minecraft:iron_axe":1,"minecraft:iron_helmet":1,"minecraft:wooden_hoe":1},"minecraft:custom":{"minecraft:animals_bred":4,"minecraft:interact_with_crafting_table":67,"minecraft:open_barrel":23,"minecraft:leave_game":10,"minecraft:time_since_death":56491,"minecraft:sprint_one_cm":733828,"minecraft:damage_blocked_by_shield":9418,"minecraft:drop":124,"minecraft:talked_to_villager":2,"minecraft:play_time":451252,"minecraft:deaths":20,"minecraft:jump":6011,"minecraft:interact_with_brewingstand":1,"minecraft:walk_on_water_one_cm":96375,"minecraft:interact_with_furnace":107,"minecraft:sleep_in_bed":8,"minecraft:damage_dealt":35390,"minecraft:crouch_one_cm":27506,"tombstone:undead_killed":75,"minecraft:interact_with_smoker":19,"minecraft:interact_with_anvil":2,"minecraft:mob_kills":163,"minecraft:damage_dealt_resisted":487,"minecraft:climb_one_cm":13629,"minecraft:walk_one_cm":1030788,"minecraft:damage_dealt_absorbed":80,"minecraft:sneak_time":15921,"minecraft:walk_under_water_one_cm":70354,"minecraft:boat_one_cm":95723,"minecraft:interact_with_blast_furnace":5,"minecraft:total_world_time":451252,"tombstone:raider_killed":11,"minecraft:time_since_rest":56301,"minecraft:damage_taken":11993,"minecraft:swim_one_cm":54255,"minecraft:freezer_opened":6,"minecraft:fly_one_cm":1176422,"minecraft:open_chest":139,"minecraft:fall_one_cm":131975},"minecraft:killed":{"minecraft:cave_spider":2,"born_in_chaos_v1:restless_spirit":2,"born_in_chaos_v1:zombie_lumberjack":2,"born_in_chaos_v1:skeleton_demoman":1,"born_in_chaos_v1:door_knight_not_despawn":1,"minecraft:spider":5,"born_in_chaos_v1:baby_skeleton_minion":1,"minecraft:skeleton":15,"alexsmobs:banana_slug":3,"alexsmobs:centipede_head":2,"born_in_chaos_v1:diamond_termite":1,"minecraft:salmon":7,"minecraft:creeper":1,"minecraft:sheep":4,"minecraft:pillager":2,"minecraft:zombie":45,"born_in_chaos_v1:dread_hound":7,"alexsmobs:terrapin":1,"born_in_chaos_v1:corpse_fly":11,"minecraft:cow":6,"born_in_chaos_v1:zombie_bruiser":1,"born_in_chaos_v1:maggot":12,"minecraft:phantom":5,"born_in_chaos_v1:dire_hound_leader":1,"born_in_chaos_v1:corpse_fish":5,"born_in_chaos_v1:fallen_chaos_knight":1,"born_in_chaos_v1:baby_skeleton":1,"born_in_chaos_v1:swarmer":1,"born_in_chaos_v1:decrepit_skeleton":6,"born_in_chaos_v1:dark_vortex":1,"born_in_chaos_v1:nightmare_stalker":1,"alexsmobs:crow":1,"endofherobrine:sheep":4}},"DataVersion":3465}