{"stats":{"minecraft:mined":{"minecraft:diamond_ore":2,"minecraft:tuff":15,"minecraft:white_bed":1,"tetra:block_geode":3,"minecraft:granite":1,"minecraft:grass_block":14,"minecraft:spawner":5,"minecraft:large_fern":1,"minecraft:furnace":1,"minecraft:carrots":8,"biomesoplenty:toadstool":2,"minecraft:iron_ore":55,"minecraft:cobbled_deepslate":2,"minecraft:andesite":16,"minecraft:deepslate_lapis_ore":3,"minecraft:enchanting_table":1,"minecraft:bookshelf":4,"minecraft:potatoes":43,"minecraft:deepslate_iron_ore":6,"biomesoplenty:barley":40,"minecraft:stone":129,"minecraft:crafting_table":2,"minecraft:torch":1,"biomesoplenty:fir_planks":16,"minecraft:copper_ore":5,"minecraft:cobblestone":18,"minecraft:lapis_ore":9,"biomesoplenty:sprout":6,"minecraft:deepslate_gold_ore":1,"minecraft:diorite":23,"minecraft:wall_torch":2,"supplementaries:urn":6,"minecraft:birch_planks":7,"biomesoplenty:yellow_autumn_leaves":6,"minecraft:birch_log":70,"minecraft:wheat":17,"minecraft:sweet_berry_bush":18,"biomesoplenty:fir_log":43,"minecraft:grass":26,"minecraft:oak_log":2,"minecraft:coal_ore":38,"biomesoplenty:fir_leaves":1,"minecraft:dirt":8,"minecraft:gold_ore":8,"minecraft:oak_leaves":4,"minecraft:fern":72,"minecraft:deepslate":39,"biomesoplenty:reed":4},"minecraft:broken":{"minecraft:stone_pickaxe":1,"minecraft:shield":1},"minecraft:used":{"minecraft:chest":2,"minecraft:shield":82,"minecraft:stone_hoe":107,"minecraft:iron_chestplate":1,"minecraft:torch":15,"minecraft:dirt":10,"minecraft:carrot":17,"minecraft:tuff":15,"born_in_chaos_v1:smoked_flesh":9,"minecraft:iron_axe":187,"minecraft:iron_helmet":1,"minecraft:iron_boots":1,"minecraft:sweet_berries":53,"minecraft:furnace":3,"tombstone:gift":3,"minecraft:potato":109,"minecraft:cobbled_deepslate":16,"minecraft:iron_leggings":1,"minecraft:wheat_seeds":18,"tombstone:scroll_of_knowledge":1,"minecraft:diorite":22,"minecraft:birch_planks":15,"minecraft:baked_potato":24,"minecraft:stone_pickaxe":131,"minecraft:wooden_pickaxe":11,"biomesoplenty:fir_planks":49,"minecraft:crafting_table":6,"minecraft:white_bed":3,"minecraft:shears":2,"simplyswords:iron_greathammer":194,"minecraft:wooden_hoe":31,"minecraft:diamond_pickaxe":137,"minecraft:apple":5,"minecraft:bread":5,"minecraft:iron_pickaxe":112,"tombstone:grave_key":4,"minecraft:stone_axe":83,"minecraft:cobblestone":116,"minecraft:bucket":2,"minecraft:andesite":15,"biomesoplenty:fir_log":15,"minecraft:bone_meal":34},"minecraft:custom":{"minecraft:mob_kills":62,"minecraft:interact_with_crafting_table":38,"minecraft:open_barrel":16,"minecraft:damage_dealt_resisted":27,"minecraft:leave_game":6,"minecraft:time_since_death":1634,"minecraft:climb_one_cm":2804,"minecraft:sprint_one_cm":315694,"minecraft:walk_one_cm":427160,"minecraft:damage_blocked_by_shield":3653,"minecraft:drop":46,"minecraft:play_time":178817,"minecraft:deaths":7,"minecraft:sneak_time":3329,"minecraft:walk_under_water_one_cm":11058,"minecraft:jump":2174,"minecraft:walk_on_water_one_cm":24092,"minecraft:total_world_time":178817,"minecraft:interact_with_furnace":74,"minecraft:sleep_in_bed":2,"minecraft:time_since_rest":967,"minecraft:damage_taken":4427,"minecraft:damage_dealt":13383,"minecraft:swim_one_cm":43177,"minecraft:fly_one_cm":413512,"minecraft:open_chest":24,"minecraft:crouch_one_cm":5147,"tombstone:undead_killed":23,"minecraft:interact_with_smoker":4,"minecraft:fall_one_cm":52053},"minecraft:killed":{"born_in_chaos_v1:restless_spirit":1,"born_in_chaos_v1:skeleton_demoman":1,"born_in_chaos_v1:door_knight_not_despawn":1,"minecraft:spider":3,"minecraft:phantom":2,"born_in_chaos_v1:maggot":4,"minecraft:skeleton":3,"born_in_chaos_v1:dire_hound_leader":1,"alexsmobs:banana_slug":3,"born_in_chaos_v1:corpse_fish":5,"born_in_chaos_v1:fallen_chaos_knight":1,"born_in_chaos_v1:diamond_termite":1,"born_in_chaos_v1:swarmer":1,"minecraft:salmon":7,"minecraft:creeper":1,"born_in_chaos_v1:decrepit_skeleton":3,"minecraft:zombie":13,"born_in_chaos_v1:dread_hound":7,"born_in_chaos_v1:corpse_fly":1},"minecraft:crafted":{"minecraft:oak_planks":8,"minecraft:iron_nugget":18,"minecraft:furnace":2,"minecraft:bone_meal":33,"minecraft:iron_boots":2,"minecraft:iron_axe":1,"minecraft:stone_pickaxe":1,"minecraft:chest":2,"minecraft:stone_hoe":1,"minecraft:crafting_table":4,"minecraft:baked_potato":33,"minecraft:wooden_pickaxe":1,"minecraft:iron_helmet":2,"minecraft:cooked_salmon":6,"minecraft:bucket":2,"minecraft:birch_planks":24,"minecraft:stone_axe":2,"minecraft:bread":5,"simplyswords:iron_greathammer":2,"minecraft:air":0,"biomesoplenty:fir_planks":112,"minecraft:iron_chestplate":1,"minecraft:wooden_hoe":1,"minecraft:diamond_pickaxe":1,"minecraft:shield":1,"minecraft:stick":32,"born_in_chaos_v1:smoked_flesh":29,"minecraft:iron_ingot":76,"minecraft:iron_pickaxe":1,"minecraft:wooden_axe":1,"minecraft:iron_block":2,"minecraft:iron_leggings":2,"minecraft:gold_ingot":10,"minecraft:white_bed":2,"minecraft:torch":24,"minecraft:shears":1},"minecraft:dropped":{"minecraft:bread":1,"minecraft:wheat_seeds":1,"minecraft:lapis_lazuli":19,"minecraft:baked_potato":9,"minecraft:poisonous_potato":2,"minecraft:iron_helmet":1,"minecraft:cobblestone":2,"paraglider:spirit_orb":4,"minecraft:stick":8,"minecraft:iron_block":2,"born_in_chaos_v1:monster_flesh":1,"born_in_chaos_v1:gnawed_bones":1,"born_in_chaos_v1:monster_skin":2,"tombstone:grave_key":2,"biomesoplenty:yellow_autumn_leaves":1,"minecraft:cooked_salmon":6,"tombstone:grave_dust":2,"minecraft:iron_leggings":1,"minecraft:gold_nugget":4,"minecraft:string":5,"biomesoplenty:toadstool":12,"minecraft:iron_nugget":1,"alexsmobs:animal_dictionary":1,"tetra:geode":1,"born_in_chaos_v1:ethereal_spirit":1,"minecraft:oak_planks":1,"minecraft:iron_boots":1,"minecraft:pumpkin_seeds":5,"supplementaries:flax_seeds":3,"supplementaries:ash":7,"minecraft:andesite":1,"born_in_chaos_v1:corpse_maggot":2,"pfm:furniture_book":1,"simplyswords:iron_greathammer":1},"minecraft:picked_up":{"minecraft:crafting_table":2,"born_in_chaos_v1:diamond_termite_shard":1,"minecraft:wheat":17,"born_in_chaos_v1:seedof_chaos":1,"tombstone:grave_key":1,"minecraft:string":3,"minecraft:raw_copper":16,"biomesoplenty:yellow_autumn_sapling":8,"biomesoplenty:yellow_autumn_leaves":1,"minecraft:gold_nugget":13,"minecraft:cobbled_deepslate":40,"biomesoplenty:fir_planks":65,"born_in_chaos_v1:gnawed_bones":1,"minecraft:iron_nugget":20,"minecraft:iron_pickaxe":1,"minecraft:furnace":1,"minecraft:stick":4,"minecraft:raw_iron":60,"minecraft:oak_door":1,"minecraft:torch":2,"tombstone:grave_dust":2,"minecraft:diorite":23,"born_in_chaos_v1:pieceofdarkmetal":4,"minecraft:carrot":21,"minecraft:rotten_flesh":25,"minecraft:arrow":2,"minecraft:gold_ingot":17,"tombstone:essence_of_undeath":1,"supplementaries:ash":14,"minecraft:white_wool":7,"minecraft:cobblestone":145,"minecraft:enchanting_table":1,"minecraft:birch_log":70,"born_in_chaos_v1:corpse_maggot":4,"born_in_chaos_v1:monster_flesh":10,"minecraft:andesite":16,"minecraft:salmon":6,"minecraft:potato":156,"minecraft:birch_planks":11,"biomesoplenty:fir_log":44,"paraglider:spirit_orb":4,"minecraft:tuff":15,"minecraft:oak_log":2,"supplementaries:flax_seeds":3,"minecraft:gunpowder":2,"minecraft:lapis_lazuli":82,"minecraft:dirt":22,"minecraft:name_tag":1,"born_in_chaos_v1:monster_skin":11,"minecraft:bone":19,"minecraft:apple":1,"minecraft:wheat_seeds":64,"minecraft:raw_gold":9,"minecraft:iron_ingot":5,"minecraft:book":12,"biomesoplenty:toadstool":24,"minecraft:sweet_berries":44,"born_in_chaos_v1:ethereal_spirit":1,"minecraft:poisonous_potato":2,"born_in_chaos_v1:fangofthe_hound_leader":3,"minecraft:white_bed":1,"minecraft:pumpkin_seeds":1,"tetra:geode":3,"minecraft:diamond":3,"minecraft:stone_axe":1,"minecraft:granite":2,"minecraft:bone_meal":1,"alexsmobs:banana_slug_slime":1,"minecraft:black_wool":1,"minecraft:coal":38}},"DataVersion":3465}