{"stats":{"minecraft:mined":{"biomesoplenty:toadstool":2,"minecraft:iron_ore":12,"minecraft:sweet_berry_bush":18,"biomesoplenty:fir_log":43,"minecraft:crafting_table":1,"minecraft:grass":5,"minecraft:grass_block":2,"minecraft:coal_ore":8,"biomesoplenty:fir_leaves":1,"minecraft:dirt":8,"minecraft:copper_ore":1,"biomesoplenty:barley":1,"biomesoplenty:sprout":1,"minecraft:stone":80,"minecraft:diorite":1,"minecraft:fern":13},"minecraft:used":{"minecraft:stone_pickaxe":94,"minecraft:shield":2,"minecraft:wooden_pickaxe":11,"biomesoplenty:fir_planks":8,"minecraft:torch":2,"minecraft:stone_axe":68,"minecraft:dirt":9,"minecraft:cobblestone":3,"minecraft:sweet_berries":25,"minecraft:crafting_table":2,"minecraft:furnace":1,"biomesoplenty:fir_log":15,"minecraft:iron_leggings":1},"minecraft:custom":{"minecraft:time_since_rest":22653,"minecraft:interact_with_furnace":11,"minecraft:sprint_one_cm":20086,"minecraft:damage_taken":291,"minecraft:walk_one_cm":33024,"minecraft:damage_blocked_by_shield":55,"minecraft:mob_kills":4,"minecraft:drop":2,"minecraft:damage_dealt":696,"minecraft:interact_with_crafting_table":9,"minecraft:fly_one_cm":31654,"minecraft:crouch_one_cm":3392,"minecraft:play_time":22653,"tombstone:undead_killed":1,"minecraft:sneak_time":1622,"minecraft:jump":140,"minecraft:walk_on_water_one_cm":805,"minecraft:leave_game":1,"minecraft:time_since_death":22653,"minecraft:total_world_time":22653,"minecraft:fall_one_cm":4594},"minecraft:dropped":{"alexsmobs:animal_dictionary":1,"pfm:furniture_book":1},"minecraft:crafted":{"biomesoplenty:fir_planks":112,"minecraft:shield":1,"minecraft:iron_axe":1,"minecraft:crafting_table":1,"minecraft:stick":20,"minecraft:iron_ingot":12,"minecraft:wooden_pickaxe":1,"minecraft:stone_pickaxe":1,"minecraft:wooden_axe":1,"minecraft:iron_leggings":1,"minecraft:furnace":1,"minecraft:torch":24,"minecraft:stone_axe":1,"minecraft:air":0},"minecraft:killed":{"minecraft:skeleton":1,"born_in_chaos_v1:dread_hound":2,"born_in_chaos_v1:restless_spirit":1},"minecraft:picked_up":{"biomesoplenty:toadstool":12,"minecraft:raw_iron":12,"minecraft:crafting_table":1,"born_in_chaos_v1:monster_flesh":2,"minecraft:sweet_berries":44,"born_in_chaos_v1:ethereal_spirit":1,"biomesoplenty:fir_log":43,"minecraft:dirt":10,"minecraft:raw_copper":5,"born_in_chaos_v1:monster_skin":2,"minecraft:bone":2,"minecraft:arrow":2,"minecraft:wheat_seeds":1,"tombstone:essence_of_undeath":1,"minecraft:coal":8,"minecraft:cobblestone":80}},"DataVersion":3465}