{"stats":{"minecraft:dropped":{"alexsmobs:animal_dictionary":2,"sophisticatedbackpacks:backpack":1,"tombstone:grave_key":1,"minecraft:wooden_axe":1,"tombstone:grave_dust":1,"pfm:furniture_book":1},"minecraft:used":{"minecraft:spruce_slab":1,"minecraft:stone_pickaxe":62,"minecraft:wooden_pickaxe":9,"ecologics:coconut_planks":21,"minecraft:cracked_stone_bricks":2,"minecraft:iron_chestplate":1,"minecraft:orange_bed":1,"minecraft:crafting_table":7,"minecraft:red_bed":1,"ecologics:walnut_slab":1,"minecraft:iron_hoe":87,"minecraft:wooden_axe":100,"sophisticatedbackpacks:backpack":1,"minecraft:bread":9,"biomesoplenty:jacaranda_log":7,"minecraft:stone_bricks":8,"minecraft:item_frame":4,"ecologics:walnut_planks":9,"minecraft:cobblestone":6,"tombstone:gift":1,"minecraft:brush":9,"minecraft:iron_leggings":1},"minecraft:mined":{"biomesoplenty:jacaranda_leaves":4,"minecraft:oak_slab":2,"minecraft:spruce_planks":2,"minecraft:red_bed":1,"minecraft:crafting_table":4,"minecraft:decorated_pot":1,"ecologics:walnut_leaves":2,"minecraft:chest":1,"minecraft:white_stained_glass_pane":3,"minecraft:tall_grass":1,"minecraft:cobblestone":1,"ecologics:coconut_log":22,"minecraft:oak_planks":5,"minecraft:iron_door":1,"minecraft:orange_carpet":1,"minecraft:seagrass":1,"minecraft:hay_block":16,"biomesoplenty:jacaranda_log":8,"minecraft:tall_seagrass":3,"minecraft:black_stained_glass_pane":2,"minecraft:potted_torchflower":1,"biomesoplenty:lavender":2,"minecraft:stone_brick_stairs":3,"minecraft:grass":26,"minecraft:oak_log":4,"minecraft:coal_ore":20,"minecraft:oak_stairs":9,"minecraft:dirt":1,"minecraft:stripped_oak_log":2,"biomesoplenty:barley":146,"minecraft:cracked_stone_bricks":2,"ecologics:walnut_log":3,"minecraft:stone":9,"minecraft:stone_bricks":8,"sophisticatedbackpacks:backpack":1,"minecraft:mossy_stone_bricks":4,"minecraft:oak_leaves":4,"minecraft:spruce_slab":1,"minecraft:orange_bed":1},"minecraft:crafted":{"minecraft:oak_planks":24,"minecraft:crafting_table":4,"ecologics:coconut_planks":88,"ecologics:walnut_planks":12,"minecraft:wooden_pickaxe":2,"ecologics:walnut_slab":6,"minecraft:bread":24,"minecraft:iron_chestplate":1,"minecraft:stick":24,"minecraft:stone_pickaxe":1,"minecraft:wooden_axe":3,"minecraft:iron_leggings":1,"minecraft:wheat":72},"minecraft:broken":{"minecraft:wooden_axe":1},"minecraft:custom":{"minecraft:mob_kills":8,"minecraft:interact_with_crafting_table":13,"minecraft:open_barrel":5,"minecraft:leave_game":2,"minecraft:time_since_death":45517,"minecraft:sleep_in_bed":5,"minecraft:climb_one_cm":1223,"minecraft:time_since_rest":20239,"minecraft:sprint_one_cm":90967,"minecraft:damage_taken":872,"minecraft:walk_one_cm":129644,"minecraft:drop":7,"minecraft:damage_dealt":1188,"minecraft:damage_dealt_absorbed":80,"minecraft:swim_one_cm":25015,"minecraft:fly_one_cm":126061,"minecraft:open_chest":13,"minecraft:crouch_one_cm":3254,"minecraft:play_time":60086,"tombstone:undead_killed":2,"minecraft:deaths":2,"minecraft:sneak_time":1852,"minecraft:walk_under_water_one_cm":15895,"minecraft:interact_with_lectern":2,"minecraft:jump":621,"minecraft:walk_on_water_one_cm":18194,"minecraft:total_world_time":60086,"minecraft:fall_one_cm":12706},"minecraft:killed":{"born_in_chaos_v1:baby_skeleton":1,"minecraft:salmon":3,"born_in_chaos_v1:maggot":1,"minecraft:zombie":1,"born_in_chaos_v1:nightmare_stalker":1},"minecraft:picked_up":{"minecraft:wooden_axe":1,"minecraft:stripped_oak_log":2,"minecraft:fishing_rod":1,"born_in_chaos_v1:corpse_maggot":1,"minecraft:crafting_table":4,"ecologics:walnut":1,"minecraft:ladder":2,"minecraft:salmon":2,"born_in_chaos_v1:seedof_chaos":2,"minecraft:orange_carpet":1,"minecraft:lead":1,"minecraft:potato":1,"minecraft:oak_stairs":9,"minecraft:stone_brick_stairs":3,"minecraft:oak_log":4,"minecraft:brick":4,"minecraft:dirt":1,"minecraft:red_bed":1,"minecraft:flint_and_steel":1,"minecraft:item_frame":5,"minecraft:bone":6,"ecologics:walnut_sapling":1,"minecraft:stone_bricks":8,"minecraft:cracked_stone_bricks":2,"minecraft:spruce_planks":2,"minecraft:iron_ingot":15,"minecraft:mossy_stone_bricks":4,"minecraft:spruce_slab":1,"minecraft:chest":1,"minecraft:oak_planks":5,"minecraft:book":1,"minecraft:oak_slab":2,"ecologics:walnut_log":3,"ecologics:coconut_slice":2,"minecraft:brush":1,"minecraft:dandelion":1,"sophisticatedbackpacks:backpack":3,"minecraft:orange_bed":1,"alexsmobs:animal_dictionary":1,"minecraft:iron_hoe":1,"biomesoplenty:jacaranda_log":7,"minecraft:rotten_flesh":2,"ecologics:coconut_log":22,"minecraft:hay_block":16,"minecraft:iron_helmet":1,"minecraft:emerald":1,"minecraft:oak_sapling":1,"minecraft:coal":20,"minecraft:cobblestone":10}},"DataVersion":3465}