{"stats":{"minecraft:mined":{"minecraft:grass":1,"minecraft:grass_block":2,"biomesoplenty:fir_leaves":1,"minecraft:dirt":7,"biomesoplenty:toadstool":1,"biomesoplenty:barley":1,"minecraft:sweet_berry_bush":12,"biomesoplenty:sprout":1,"minecraft:stone":19,"minecraft:crafting_table":1,"biomesoplenty:fir_log":18,"minecraft:fern":6},"minecraft:used":{"minecraft:stone_axe":4,"minecraft:dirt":3,"minecraft:crafting_table":1,"minecraft:stone_pickaxe":10,"minecraft:wooden_pickaxe":11},"minecraft:custom":{"minecraft:time_since_rest":10653,"minecraft:crouch_one_cm":450,"minecraft:play_time":10653,"minecraft:sprint_one_cm":8430,"minecraft:damage_taken":41,"minecraft:walk_one_cm":10722,"minecraft:sneak_time":146,"minecraft:drop":2,"minecraft:jump":55,"minecraft:leave_game":1,"minecraft:time_since_death":10653,"minecraft:total_world_time":10653,"minecraft:interact_with_crafting_table":2,"minecraft:fall_one_cm":1254,"minecraft:fly_one_cm":11676},"minecraft:dropped":{"pfm:furniture_book":1,"alexsmobs:animal_dictionary":1},"minecraft:crafted":{"biomesoplenty:fir_planks":52,"minecraft:stone_axe":1,"minecraft:crafting_table":1,"minecraft:stick":8,"minecraft:stone_pickaxe":1,"minecraft:wooden_pickaxe":1,"minecraft:wooden_axe":1},"minecraft:picked_up":{"biomesoplenty:toadstool":4,"minecraft:crafting_table":1,"minecraft:sweet_berries":32,"biomesoplenty:fir_log":18,"minecraft:dirt":9,"minecraft:cobblestone":19}},"DataVersion":3465}