{"stats":{"minecraft:mined":{"minecraft:diamond_ore":2,"tetra:block_geode":2,"minecraft:granite":1,"minecraft:grass_block":4,"minecraft:spawner":3,"minecraft:large_fern":1,"minecraft:furnace":1,"biomesoplenty:toadstool":2,"minecraft:iron_ore":39,"minecraft:andesite":7,"minecraft:deepslate_lapis_ore":1,"minecraft:potatoes":14,"minecraft:deepslate_iron_ore":6,"biomesoplenty:barley":39,"minecraft:stone":109,"minecraft:crafting_table":2,"biomesoplenty:fir_planks":16,"minecraft:copper_ore":5,"minecraft:cobblestone":14,"minecraft:deepslate_gold_ore":1,"biomesoplenty:sprout":1,"minecraft:lapis_ore":4,"minecraft:diorite":2,"minecraft:wall_torch":1,"supplementaries:urn":5,"minecraft:birch_planks":6,"biomesoplenty:yellow_autumn_leaves":4,"minecraft:birch_log":68,"minecraft:sweet_berry_bush":18,"minecraft:wheat":1,"biomesoplenty:fir_log":43,"minecraft:grass":24,"minecraft:coal_ore":38,"biomesoplenty:fir_leaves":1,"minecraft:dirt":8,"minecraft:gold_ore":8,"minecraft:fern":66,"minecraft:deepslate":5,"biomesoplenty:reed":3},"minecraft:broken":{"minecraft:stone_pickaxe":1},"minecraft:used":{"minecraft:chest":2,"minecraft:shield":33,"minecraft:stone_hoe":107,"minecraft:iron_chestplate":1,"minecraft:torch":12,"minecraft:dirt":9,"minecraft:carrot":7,"born_in_chaos_v1:smoked_flesh":6,"minecraft:iron_axe":187,"minecraft:iron_helmet":1,"minecraft:iron_boots":1,"minecraft:sweet_berries":53,"minecraft:furnace":3,"minecraft:potato":50,"minecraft:cobbled_deepslate":2,"minecraft:iron_leggings":1,"minecraft:wheat_seeds":18,"tombstone:scroll_of_knowledge":1,"minecraft:birch_planks":11,"minecraft:baked_potato":8,"minecraft:stone_pickaxe":131,"minecraft:wooden_pickaxe":11,"biomesoplenty:fir_planks":49,"minecraft:crafting_table":4,"simplyswords:iron_greathammer":19,"minecraft:apple":5,"minecraft:bread":1,"minecraft:iron_pickaxe":112,"minecraft:stone_axe":83,"minecraft:cobblestone":49,"biomesoplenty:fir_log":15,"minecraft:bone_meal":34},"minecraft:custom":{"minecraft:mob_kills":37,"minecraft:interact_with_crafting_table":28,"minecraft:open_barrel":9,"minecraft:damage_dealt_resisted":26,"minecraft:leave_game":2,"minecraft:time_since_death":94443,"minecraft:sprint_one_cm":134488,"minecraft:walk_one_cm":206045,"minecraft:damage_blocked_by_shield":610,"minecraft:drop":25,"minecraft:play_time":94443,"minecraft:sneak_time":3124,"minecraft:walk_under_water_one_cm":7366,"minecraft:jump":896,"minecraft:walk_on_water_one_cm":9513,"minecraft:total_world_time":94443,"minecraft:interact_with_furnace":38,"minecraft:time_since_rest":94443,"minecraft:damage_taken":1179,"minecraft:damage_dealt":5783,"minecraft:swim_one_cm":22484,"minecraft:fly_one_cm":144058,"minecraft:open_chest":14,"minecraft:crouch_one_cm":5006,"tombstone:undead_killed":14,"minecraft:fall_one_cm":20180},"minecraft:killed":{"born_in_chaos_v1:restless_spirit":1,"born_in_chaos_v1:door_knight_not_despawn":1,"minecraft:spider":1,"born_in_chaos_v1:maggot":1,"minecraft:skeleton":3,"born_in_chaos_v1:dire_hound_leader":1,"alexsmobs:banana_slug":3,"born_in_chaos_v1:corpse_fish":2,"born_in_chaos_v1:diamond_termite":1,"minecraft:salmon":7,"minecraft:creeper":1,"born_in_chaos_v1:decrepit_skeleton":2,"minecraft:zombie":8,"born_in_chaos_v1:dread_hound":5},"minecraft:crafted":{"minecraft:iron_nugget":18,"minecraft:furnace":2,"minecraft:bone_meal":33,"minecraft:iron_boots":2,"minecraft:iron_axe":1,"minecraft:stone_pickaxe":1,"minecraft:chest":2,"minecraft:stone_hoe":1,"minecraft:crafting_table":2,"minecraft:wooden_pickaxe":1,"minecraft:baked_potato":12,"minecraft:iron_helmet":2,"minecraft:cooked_salmon":6,"minecraft:birch_planks":16,"minecraft:stone_axe":2,"simplyswords:iron_greathammer":2,"minecraft:air":0,"biomesoplenty:fir_planks":112,"minecraft:iron_chestplate":1,"minecraft:shield":1,"minecraft:stick":28,"minecraft:iron_ingot":61,"minecraft:iron_pickaxe":1,"minecraft:wooden_axe":1,"minecraft:gold_ingot":1,"minecraft:iron_leggings":2,"minecraft:torch":24},"minecraft:dropped":{"minecraft:bread":1,"minecraft:wheat_seeds":1,"minecraft:iron_helmet":1,"paraglider:spirit_orb":4,"minecraft:stick":4,"born_in_chaos_v1:monster_skin":2,"minecraft:cooked_salmon":6,"minecraft:iron_leggings":1,"minecraft:gold_nugget":4,"minecraft:string":5,"biomesoplenty:toadstool":12,"minecraft:iron_nugget":1,"alexsmobs:animal_dictionary":1,"born_in_chaos_v1:ethereal_spirit":1,"minecraft:iron_boots":1,"supplementaries:ash":7,"minecraft:andesite":1,"pfm:furniture_book":1,"simplyswords:iron_greathammer":1},"minecraft:picked_up":{"born_in_chaos_v1:diamond_termite_shard":1,"minecraft:crafting_table":2,"minecraft:wheat":1,"minecraft:string":1,"minecraft:raw_copper":16,"biomesoplenty:yellow_autumn_sapling":8,"minecraft:gold_nugget":13,"minecraft:cobbled_deepslate":4,"biomesoplenty:fir_planks":65,"born_in_chaos_v1:gnawed_bones":1,"minecraft:iron_nugget":20,"minecraft:furnace":1,"minecraft:stick":4,"minecraft:raw_iron":44,"minecraft:torch":1,"tombstone:grave_dust":2,"minecraft:diorite":1,"minecraft:carrot":1,"minecraft:rotten_flesh":15,"minecraft:arrow":2,"tombstone:essence_of_undeath":1,"supplementaries:ash":7,"minecraft:cobblestone":126,"minecraft:birch_log":68,"born_in_chaos_v1:monster_flesh":9,"minecraft:salmon":6,"minecraft:andesite":7,"minecraft:potato":48,"minecraft:birch_planks":6,"biomesoplenty:fir_log":44,"paraglider:spirit_orb":4,"supplementaries:flax_seeds":3,"minecraft:dirt":12,"minecraft:lapis_lazuli":35,"born_in_chaos_v1:monster_skin":10,"minecraft:bone":7,"minecraft:apple":1,"minecraft:wheat_seeds":20,"minecraft:raw_gold":9,"minecraft:iron_ingot":5,"biomesoplenty:toadstool":24,"minecraft:sweet_berries":44,"born_in_chaos_v1:ethereal_spirit":1,"born_in_chaos_v1:fangofthe_hound_leader":3,"tetra:geode":2,"minecraft:diamond":3,"minecraft:granite":1,"minecraft:bone_meal":1,"alexsmobs:banana_slug_slime":1,"minecraft:coal":38}},"DataVersion":3465}