{"stats":{"minecraft:mined":{"minecraft:diamond_ore":2,"minecraft:tuff":15,"minecraft:farmland":3,"minecraft:white_bed":1,"minecraft:blue_stained_glass_pane":2,"tetra:block_geode":3,"minecraft:granite":1,"minecraft:grass_block":19,"minecraft:white_stained_glass":2,"minecraft:spruce_leaves":1,"minecraft:spawner":7,"minecraft:light_blue_stained_glass":2,"minecraft:large_fern":1,"minecraft:polished_blackstone_bricks":1,"minecraft:furnace":1,"minecraft:carrots":8,"biomesoplenty:toadstool":2,"minecraft:iron_ore":55,"minecraft:cobbled_deepslate":2,"minecraft:andesite":16,"minecraft:anvil":1,"minecraft:deepslate_lapis_ore":3,"minecraft:enchanting_table":1,"minecraft:bookshelf":4,"minecraft:potatoes":85,"minecraft:deepslate_iron_ore":6,"minecraft:iron_bars":2,"biomesoplenty:barley":40,"minecraft:stone":129,"minecraft:blue_stained_glass":4,"minecraft:light_gray_terracotta":1,"minecraft:crafting_table":4,"minecraft:torch":1,"biomesoplenty:fir_planks":16,"minecraft:copper_ore":5,"minecraft:cobblestone":18,"minecraft:lapis_ore":9,"biomesoplenty:sprout":7,"minecraft:deepslate_gold_ore":1,"minecraft:diorite":23,"minecraft:wall_torch":2,"supplementaries:urn":6,"minecraft:birch_planks":7,"minecraft:cobblestone_wall":6,"biomesoplenty:yellow_autumn_leaves":6,"minecraft:birch_log":70,"minecraft:wheat":28,"minecraft:sweet_berry_bush":18,"minecraft:spruce_log":5,"biomesoplenty:fir_log":43,"minecraft:smooth_stone_slab":3,"minecraft:grass":26,"minecraft:oak_log":5,"minecraft:coal_ore":38,"biomesoplenty:fir_leaves":1,"minecraft:sunflower":1,"minecraft:dirt":10,"minecraft:polished_blackstone":2,"minecraft:gold_ore":8,"minecraft:oak_leaves":15,"minecraft:fern":72,"minecraft:deepslate":39,"biomesoplenty:reed":4},"minecraft:broken":{"simplyswords:iron_greathammer":1,"minecraft:stone_pickaxe":1,"minecraft:shield":1,"minecraft:wooden_hoe":1},"minecraft:used":{"minecraft:enchanting_table":1,"minecraft:polished_blackstone":1,"minecraft:chest":2,"minecraft:shield":96,"minecraft:stone_hoe":107,"minecraft:iron_chestplate":1,"minecraft:torch":15,"minecraft:dirt":24,"minecraft:anvil":1,"minecraft:cobblestone_wall":2,"minecraft:carrot":17,"minecraft:tuff":15,"minecraft:iron_hoe":80,"born_in_chaos_v1:smoked_flesh":12,"minecraft:iron_axe":187,"minecraft:iron_helmet":1,"minecraft:iron_boots":1,"minecraft:sweet_berries":53,"minecraft:furnace":4,"tombstone:gift":3,"minecraft:potato":253,"minecraft:cobbled_deepslate":29,"minecraft:iron_leggings":2,"minecraft:wheat_seeds":41,"minecraft:cooked_mutton":8,"minecraft:water_bucket":9,"tombstone:scroll_of_knowledge":1,"minecraft:diorite":22,"minecraft:birch_planks":15,"minecraft:baked_potato":24,"minecraft:stone_pickaxe":131,"minecraft:wooden_pickaxe":11,"biomesoplenty:fir_planks":49,"minecraft:crafting_table":8,"minecraft:white_bed":3,"minecraft:shears":2,"simplyswords:iron_greathammer":305,"minecraft:wooden_hoe":47,"minecraft:diamond_pickaxe":155,"minecraft:black_wool":1,"minecraft:apple":5,"minecraft:bread":6,"minecraft:iron_pickaxe":112,"tombstone:grave_key":4,"minecraft:stone_axe":95,"minecraft:cobblestone":116,"minecraft:bucket":10,"minecraft:andesite":15,"biomesoplenty:fir_log":15,"minecraft:bone_meal":61},"minecraft:custom":{"minecraft:interact_with_anvil":2,"minecraft:mob_kills":82,"minecraft:animals_bred":2,"minecraft:interact_with_crafting_table":43,"minecraft:open_barrel":16,"minecraft:damage_dealt_resisted":338,"minecraft:leave_game":6,"minecraft:time_since_death":14178,"minecraft:climb_one_cm":12793,"minecraft:sprint_one_cm":389297,"minecraft:walk_one_cm":547972,"minecraft:damage_blocked_by_shield":5357,"minecraft:drop":56,"minecraft:damage_dealt_absorbed":80,"minecraft:play_time":214817,"minecraft:deaths":10,"minecraft:sneak_time":3560,"minecraft:walk_under_water_one_cm":13899,"minecraft:jump":2692,"minecraft:interact_with_brewingstand":1,"minecraft:walk_on_water_one_cm":25582,"minecraft:total_world_time":214817,"minecraft:interact_with_furnace":89,"minecraft:sleep_in_bed":2,"minecraft:time_since_rest":14011,"minecraft:damage_taken":5916,"minecraft:damage_dealt":17470,"minecraft:swim_one_cm":43177,"minecraft:fly_one_cm":535938,"minecraft:open_chest":35,"minecraft:crouch_one_cm":5621,"tombstone:undead_killed":34,"minecraft:interact_with_smoker":5,"minecraft:fall_one_cm":57012},"minecraft:killed":{"born_in_chaos_v1:restless_spirit":2,"born_in_chaos_v1:skeleton_demoman":1,"born_in_chaos_v1:door_knight_not_despawn":1,"minecraft:spider":3,"minecraft:phantom":2,"born_in_chaos_v1:maggot":6,"minecraft:skeleton":5,"born_in_chaos_v1:dire_hound_leader":1,"alexsmobs:banana_slug":3,"born_in_chaos_v1:corpse_fish":5,"born_in_chaos_v1:fallen_chaos_knight":1,"born_in_chaos_v1:diamond_termite":1,"born_in_chaos_v1:swarmer":1,"minecraft:salmon":7,"minecraft:creeper":1,"born_in_chaos_v1:decrepit_skeleton":3,"minecraft:zombie":22,"born_in_chaos_v1:dread_hound":7,"born_in_chaos_v1:corpse_fly":2,"endofherobrine:sheep":4,"minecraft:cow":1},"minecraft:crafted":{"minecraft:oak_planks":16,"minecraft:iron_nugget":18,"minecraft:furnace":3,"minecraft:bone_meal":60,"minecraft:cooked_mutton":11,"minecraft:iron_boots":2,"minecraft:iron_axe":1,"minecraft:iron_hoe":1,"minecraft:stone_pickaxe":1,"minecraft:chest":2,"minecraft:stone_hoe":1,"minecraft:cooked_beef":2,"minecraft:crafting_table":4,"minecraft:spruce_planks":16,"minecraft:baked_potato":33,"minecraft:wooden_pickaxe":1,"minecraft:iron_helmet":2,"minecraft:cooked_salmon":6,"minecraft:bucket":2,"minecraft:birch_planks":24,"minecraft:stone_axe":3,"minecraft:bread":5,"simplyswords:iron_greathammer":3,"minecraft:air":0,"biomesoplenty:fir_planks":112,"minecraft:iron_chestplate":1,"minecraft:wooden_hoe":1,"minecraft:diamond_pickaxe":1,"minecraft:shield":1,"minecraft:stick":40,"born_in_chaos_v1:smoked_flesh":29,"minecraft:iron_ingot":88,"minecraft:iron_pickaxe":1,"minecraft:wooden_axe":1,"minecraft:iron_block":2,"minecraft:iron_leggings":2,"minecraft:gold_ingot":10,"minecraft:white_bed":2,"minecraft:torch":24,"minecraft:shears":1},"minecraft:dropped":{"minecraft:bread":1,"minecraft:wheat_seeds":1,"minecraft:lapis_lazuli":19,"minecraft:baked_potato":9,"minecraft:polished_blackstone":1,"minecraft:poisonous_potato":2,"minecraft:iron_helmet":1,"minecraft:cobblestone":2,"minecraft:leather":2,"paraglider:spirit_orb":4,"minecraft:stick":13,"minecraft:iron_block":2,"born_in_chaos_v1:monster_flesh":1,"born_in_chaos_v1:gnawed_bones":1,"born_in_chaos_v1:monster_skin":3,"tombstone:grave_key":2,"biomesoplenty:yellow_autumn_leaves":1,"minecraft:cooked_salmon":6,"tombstone:grave_dust":2,"minecraft:iron_leggings":1,"minecraft:gold_nugget":4,"minecraft:string":5,"biomesoplenty:toadstool":12,"minecraft:stone_axe":1,"minecraft:iron_nugget":1,"alexsmobs:animal_dictionary":1,"tetra:geode":1,"born_in_chaos_v1:ethereal_spirit":1,"minecraft:oak_planks":1,"minecraft:iron_boots":1,"minecraft:carrot":1,"minecraft:pumpkin_seeds":5,"supplementaries:flax_seeds":3,"supplementaries:ash":7,"minecraft:potato":1,"minecraft:iron_chestplate":1,"minecraft:andesite":1,"born_in_chaos_v1:corpse_maggot":3,"minecraft:oak_sapling":1,"pfm:furniture_book":1,"simplyswords:iron_greathammer":1},"minecraft:picked_up":{"minecraft:iron_chestplate":1,"minecraft:crafting_table":4,"born_in_chaos_v1:diamond_termite_shard":1,"minecraft:wheat":23,"minecraft:anvil":1,"born_in_chaos_v1:seedof_chaos":1,"minecraft:chain":1,"tombstone:grave_key":1,"minecraft:shield":1,"minecraft:string":3,"minecraft:raw_copper":16,"biomesoplenty:yellow_autumn_sapling":8,"minecraft:smooth_stone_slab":6,"biomesoplenty:yellow_autumn_leaves":1,"minecraft:gold_nugget":13,"minecraft:cobbled_deepslate":40,"biomesoplenty:fir_planks":65,"minecraft:beef":3,"born_in_chaos_v1:gnawed_bones":1,"minecraft:iron_nugget":20,"minecraft:iron_pickaxe":1,"minecraft:furnace":1,"minecraft:stick":4,"minecraft:raw_iron":60,"minecraft:oak_door":1,"minecraft:torch":2,"tombstone:grave_dust":2,"minecraft:diorite":23,"born_in_chaos_v1:pieceofdarkmetal":4,"minecraft:carrot":21,"minecraft:rotten_flesh":36,"minecraft:arrow":6,"minecraft:gold_ingot":17,"tombstone:essence_of_undeath":1,"minecraft:polished_blackstone":2,"supplementaries:ash":14,"minecraft:white_wool":7,"minecraft:cobblestone":145,"minecraft:enchanting_table":1,"minecraft:birch_log":70,"born_in_chaos_v1:corpse_maggot":5,"born_in_chaos_v1:monster_flesh":10,"minecraft:andesite":16,"minecraft:salmon":6,"minecraft:leather":2,"minecraft:potato":302,"minecraft:birch_planks":11,"biomesoplenty:fir_log":44,"paraglider:spirit_orb":4,"minecraft:tuff":15,"minecraft:oak_log":5,"minecraft:cobblestone_wall":6,"supplementaries:flax_seeds":3,"minecraft:gunpowder":2,"minecraft:lapis_lazuli":104,"minecraft:dirt":31,"minecraft:name_tag":1,"born_in_chaos_v1:monster_skin":12,"minecraft:bone":23,"minecraft:apple":1,"minecraft:wheat_seeds":73,"minecraft:raw_gold":9,"minecraft:iron_ingot":5,"minecraft:book":12,"biomesoplenty:toadstool":24,"minecraft:sweet_berries":44,"born_in_chaos_v1:ethereal_spirit":2,"minecraft:poisonous_potato":2,"minecraft:spruce_log":4,"born_in_chaos_v1:fangofthe_hound_leader":3,"minecraft:white_bed":1,"minecraft:pumpkin_seeds":1,"tetra:geode":3,"minecraft:diamond":3,"minecraft:stone_axe":2,"minecraft:granite":2,"minecraft:bone_meal":1,"minecraft:oak_sapling":2,"alexsmobs:banana_slug_slime":1,"minecraft:black_wool":1,"minecraft:coal":38}},"DataVersion":3465}