{"stats":{"minecraft:mined":{"minecraft:spruce_planks":1,"minecraft:white_bed":1,"minecraft:farmland":3,"minecraft:obsidian":21,"minecraft:granite":1,"minecraft:grass_block":21,"minecraft:spawner":7,"minecraft:light_blue_stained_glass":2,"minecraft:polished_blackstone_bricks":1,"minecraft:iron_ore":72,"minecraft:cobbled_deepslate":2,"minecraft:deepslate_lapis_ore":3,"minecraft:anvil":1,"minecraft:enchanting_table":1,"minecraft:iron_bars":2,"biomesoplenty:webbing":1,"minecraft:quartz_block":2,"minecraft:blue_stained_glass":4,"minecraft:torch":1,"minecraft:light_gray_terracotta":1,"minecraft:poppy":1,"minecraft:cobblestone":18,"minecraft:wall_torch":2,"minecraft:deepslate_copper_ore":2,"minecraft:acacia_sapling":1,"minecraft:birch_log":70,"minecraft:wheat":28,"biomesoplenty:fir_log":97,"minecraft:smooth_stone_slab":3,"minecraft:grass":27,"minecraft:oak_log":22,"minecraft:dirt":10,"minecraft:oak_leaves":44,"minecraft:deepslate":43,"biomesoplenty:reed":4,"minecraft:diamond_ore":2,"minecraft:tuff":16,"minecraft:blue_stained_glass_pane":2,"tetra:block_geode":4,"minecraft:white_stained_glass":2,"minecraft:spruce_leaves":13,"minecraft:large_fern":1,"minecraft:spruce_sapling":1,"minecraft:furnace":1,"minecraft:carrots":8,"biomesoplenty:toadstool":2,"minecraft:andesite":17,"minecraft:bookshelf":4,"minecraft:potatoes":86,"minecraft:deepslate_iron_ore":11,"biomesoplenty:barley":40,"minecraft:stone":141,"biomesoplenty:spider_egg":1,"minecraft:dandelion":1,"minecraft:crafting_table":4,"biomesoplenty:fir_planks":26,"minecraft:copper_ore":5,"minecraft:deepslate_gold_ore":1,"biomesoplenty:sprout":8,"minecraft:lapis_ore":15,"minecraft:diorite":24,"supplementaries:urn":8,"minecraft:birch_planks":7,"minecraft:cobblestone_wall":15,"biomesoplenty:yellow_autumn_leaves":6,"minecraft:sweet_berry_bush":18,"minecraft:spruce_log":32,"minecraft:coal_ore":38,"biomesoplenty:fir_leaves":1,"minecraft:sunflower":2,"biomesoplenty:stringy_cobweb":4,"minecraft:cobweb":1,"minecraft:cracked_stone_bricks":2,"minecraft:polished_blackstone":2,"minecraft:stone_bricks":10,"minecraft:gold_ore":8,"minecraft:fern":72},"minecraft:broken":{"minecraft:iron_boots":1,"minecraft:stone_pickaxe":1,"simplyswords:iron_greathammer":1,"minecraft:shield":2,"minecraft:iron_helmet":1,"minecraft:wooden_hoe":1},"minecraft:used":{"minecraft:polished_blackstone":1,"minecraft:chest":2,"minecraft:shield":115,"minecraft:rotten_flesh":3,"minecraft:iron_chestplate":1,"minecraft:carrot":17,"minecraft:tuff":16,"born_in_chaos_v1:smoked_flesh":12,"minecraft:iron_helmet":2,"minecraft:stone_bricks":7,"minecraft:sweet_berries":53,"minecraft:furnace":4,"minecraft:potato":259,"minecraft:diorite":22,"minecraft:stone_pickaxe":131,"minecraft:oak_planks":19,"minecraft:wooden_pickaxe":11,"biomesoplenty:fir_planks":228,"minecraft:shears":3,"simplyswords:iron_greathammer":336,"minecraft:bread":6,"tombstone:grave_key":4,"minecraft:andesite":15,"minecraft:bone_meal":61,"minecraft:enchanting_table":1,"minecraft:spruce_planks":18,"minecraft:stone_hoe":107,"minecraft:torch":15,"minecraft:dirt":40,"minecraft:anvil":1,"minecraft:cobblestone_wall":3,"minecraft:iron_hoe":80,"minecraft:iron_axe":338,"minecraft:iron_boots":1,"tombstone:gift":3,"minecraft:cooked_beef":3,"minecraft:cobbled_deepslate":29,"minecraft:iron_leggings":2,"minecraft:wheat_seeds":41,"minecraft:cooked_mutton":11,"minecraft:water_bucket":20,"tombstone:scroll_of_knowledge":1,"minecraft:birch_planks":15,"minecraft:baked_potato":34,"minecraft:crafting_table":9,"minecraft:white_bed":3,"minecraft:spruce_log":3,"minecraft:wooden_hoe":47,"minecraft:diamond_pickaxe":251,"minecraft:black_wool":1,"minecraft:apple":5,"minecraft:iron_pickaxe":112,"minecraft:stone_axe":95,"minecraft:cobblestone":116,"minecraft:bucket":21,"biomesoplenty:fir_log":15},"minecraft:custom":{"minecraft:animals_bred":2,"minecraft:interact_with_crafting_table":48,"minecraft:open_barrel":17,"minecraft:leave_game":6,"minecraft:time_since_death":6035,"minecraft:sprint_one_cm":468430,"minecraft:damage_blocked_by_shield":6923,"minecraft:drop":92,"minecraft:talked_to_villager":1,"minecraft:play_time":274817,"minecraft:deaths":14,"minecraft:jump":3541,"minecraft:interact_with_brewingstand":1,"minecraft:walk_on_water_one_cm":67333,"minecraft:interact_with_furnace":94,"minecraft:sleep_in_bed":2,"minecraft:damage_dealt":20054,"minecraft:crouch_one_cm":12387,"tombstone:undead_killed":42,"minecraft:interact_with_smoker":8,"minecraft:mob_kills":98,"minecraft:interact_with_anvil":2,"minecraft:damage_dealt_resisted":338,"minecraft:climb_one_cm":12793,"minecraft:walk_one_cm":652871,"minecraft:damage_dealt_absorbed":80,"minecraft:sneak_time":8031,"minecraft:walk_under_water_one_cm":48993,"minecraft:total_world_time":274817,"minecraft:time_since_rest":3636,"minecraft:damage_taken":8080,"minecraft:swim_one_cm":43652,"minecraft:fly_one_cm":721839,"minecraft:open_chest":37,"minecraft:fall_one_cm":76210},"minecraft:dropped":{"minecraft:lapis_lazuli":19,"minecraft:baked_potato":9,"minecraft:leather":2,"paraglider:spirit_orb":4,"born_in_chaos_v1:monster_flesh":4,"born_in_chaos_v1:monster_skin":4,"biomesoplenty:yellow_autumn_leaves":1,"minecraft:chain":2,"minecraft:gold_nugget":4,"minecraft:sunflower":2,"biomesoplenty:toadstool":12,"minecraft:stone_axe":3,"minecraft:iron_nugget":1,"alexsmobs:animal_dictionary":1,"born_in_chaos_v1:ethereal_spirit":2,"minecraft:oak_planks":1,"minecraft:carrot":1,"minecraft:poppy":1,"supplementaries:flax_seeds":4,"supplementaries:ash":7,"minecraft:melon_seeds":8,"born_in_chaos_v1:corpse_maggot":3,"minecraft:bread":1,"minecraft:wheat_seeds":65,"minecraft:polished_blackstone":1,"minecraft:poisonous_potato":2,"minecraft:iron_helmet":1,"minecraft:feather":2,"minecraft:cobblestone":2,"minecraft:stick":13,"minecraft:iron_block":2,"born_in_chaos_v1:gnawed_bones":1,"minecraft:torch":13,"tombstone:grave_key":3,"minecraft:cooked_salmon":6,"tombstone:grave_dust":2,"minecraft:iron_leggings":1,"minecraft:string":7,"minecraft:bucket":1,"minecraft:spruce_sapling":3,"minecraft:dandelion":2,"minecraft:smooth_stone_slab":6,"tetra:geode":1,"minecraft:iron_boots":1,"minecraft:pumpkin_seeds":5,"minecraft:lily_of_the_valley":1,"minecraft:potato":1,"minecraft:iron_chestplate":1,"minecraft:andesite":1,"minecraft:oak_sapling":5,"minecraft:stone_bricks":4,"pfm:furniture_book":1,"simplyswords:iron_greathammer":1},"minecraft:killed":{"minecraft:cave_spider":1,"born_in_chaos_v1:restless_spirit":2,"born_in_chaos_v1:zombie_lumberjack":1,"born_in_chaos_v1:skeleton_demoman":1,"born_in_chaos_v1:door_knight_not_despawn":1,"minecraft:spider":3,"minecraft:skeleton":9,"alexsmobs:banana_slug":3,"alexsmobs:centipede_head":1,"born_in_chaos_v1:diamond_termite":1,"minecraft:salmon":7,"minecraft:creeper":1,"minecraft:zombie":25,"born_in_chaos_v1:dread_hound":7,"born_in_chaos_v1:corpse_fly":5,"minecraft:cow":1,"born_in_chaos_v1:maggot":6,"minecraft:phantom":2,"born_in_chaos_v1:dire_hound_leader":1,"born_in_chaos_v1:corpse_fish":5,"born_in_chaos_v1:fallen_chaos_knight":1,"born_in_chaos_v1:swarmer":1,"born_in_chaos_v1:decrepit_skeleton":3,"born_in_chaos_v1:dark_vortex":1,"born_in_chaos_v1:nightmare_stalker":1,"alexsmobs:crow":1,"endofherobrine:sheep":4},"minecraft:crafted":{"minecraft:oak_planks":76,"minecraft:cooked_mutton":11,"minecraft:iron_boots":2,"minecraft:chest":2,"minecraft:stone_hoe":1,"minecraft:crafting_table":5,"minecraft:spruce_planks":36,"minecraft:wooden_pickaxe":1,"minecraft:baked_potato":43,"minecraft:iron_helmet":3,"minecraft:birch_planks":24,"biomesoplenty:fir_planks":284,"minecraft:wooden_hoe":1,"minecraft:iron_chestplate":1,"minecraft:diamond_pickaxe":1,"minecraft:shield":2,"minecraft:stick":44,"born_in_chaos_v1:smoked_flesh":29,"minecraft:iron_ingot":88,"minecraft:iron_pickaxe":1,"minecraft:iron_block":2,"minecraft:gold_ingot":10,"minecraft:shears":1,"minecraft:iron_nugget":18,"minecraft:furnace":3,"minecraft:bone_meal":60,"minecraft:iron_axe":2,"minecraft:iron_hoe":1,"minecraft:stone_pickaxe":1,"minecraft:cooked_beef":3,"minecraft:cooked_salmon":6,"minecraft:bucket":2,"minecraft:stone_axe":3,"simplyswords:iron_greathammer":3,"minecraft:bread":5,"minecraft:air":0,"minecraft:wooden_axe":1,"minecraft:iron_leggings":2,"minecraft:white_bed":2,"minecraft:torch":24},"minecraft:picked_up":{"minecraft:iron_chestplate":1,"minecraft:wheat":23,"minecraft:anvil":1,"tombstone:grave_key":2,"minecraft:string":5,"minecraft:raw_copper":16,"biomesoplenty:yellow_autumn_sapling":8,"minecraft:smooth_stone_slab":6,"biomesoplenty:yellow_autumn_leaves":1,"minecraft:gold_nugget":13,"minecraft:cobbled_deepslate":41,"biomesoplenty:fir_planks":75,"minecraft:spruce_planks":2,"minecraft:iron_pickaxe":1,"minecraft:furnace":1,"minecraft:stick":4,"minecraft:torch":11,"tombstone:grave_dust":2,"minecraft:diorite":23,"minecraft:rotten_flesh":39,"supplementaries:ash":15,"minecraft:obsidian":20,"minecraft:cobblestone":145,"minecraft:birch_log":71,"minecraft:enchanting_table":1,"minecraft:feather":2,"minecraft:andesite":16,"minecraft:potato":306,"biomesoplenty:fir_log":87,"paraglider:spirit_orb":4,"minecraft:tuff":16,"supplementaries:flax_seeds":5,"minecraft:dirt":43,"minecraft:lapis_lazuli":139,"minecraft:name_tag":1,"born_in_chaos_v1:monster_skin":12,"minecraft:bone":36,"minecraft:bow":2,"minecraft:wheat_seeds":73,"minecraft:raw_gold":9,"biomesoplenty:toadstool":24,"minecraft:poisonous_potato":2,"minecraft:lily_of_the_valley":1,"minecraft:dark_oak_log":2,"minecraft:diamond":3,"minecraft:granite":2,"minecraft:bone_meal":1,"alexsmobs:banana_slug_slime":1,"minecraft:oak_sapling":9,"born_in_chaos_v1:diamond_termite_shard":1,"minecraft:crafting_table":4,"born_in_chaos_v1:seedof_chaos":1,"minecraft:chain":2,"minecraft:shield":1,"minecraft:beef":3,"born_in_chaos_v1:gnawed_bones":1,"minecraft:iron_nugget":20,"minecraft:poppy":1,"minecraft:raw_iron":82,"minecraft:oak_door":1,"born_in_chaos_v1:pieceofdarkmetal":4,"minecraft:carrot":21,"minecraft:arrow":15,"tombstone:essence_of_undeath":1,"minecraft:gold_ingot":17,"minecraft:polished_blackstone":2,"minecraft:white_wool":7,"born_in_chaos_v1:corpse_maggot":11,"born_in_chaos_v1:monster_flesh":17,"minecraft:salmon":6,"minecraft:leather":2,"minecraft:birch_planks":11,"minecraft:oak_log":22,"minecraft:gunpowder":2,"minecraft:cobblestone_wall":7,"minecraft:apple":1,"minecraft:stone_bricks":11,"minecraft:iron_ingot":6,"minecraft:book":12,"minecraft:sweet_berries":44,"born_in_chaos_v1:ethereal_spirit":2,"minecraft:dandelion":2,"born_in_chaos_v1:dark_rod":1,"minecraft:spruce_sapling":6,"born_in_chaos_v1:fangofthe_hound_leader":3,"minecraft:white_bed":1,"minecraft:spruce_log":25,"minecraft:pumpkin_seeds":1,"tetra:geode":3,"minecraft:stone_axe":3,"minecraft:black_wool":1,"minecraft:coal":38,"minecraft:sunflower":2}},"DataVersion":3465}