{"stats":{"minecraft:used":{"minecraft:chest":1,"minecraft:shield":115,"minecraft:iron_sword":297,"minecraft:rotten_flesh":4,"minecraft:iron_chestplate":2,"minecraft:mutton":7,"simplyswords:gold_katana":33,"minecraft:tuff":4,"sophisticatedbackpacks:diamond_backpack":1,"born_in_chaos_v1:corpse_maggot":5,"born_in_chaos_v1:smoked_flesh":81,"minecraft:iron_helmet":1,"minecraft:bow":56,"minecraft:hay_block":3,"minecraft:furnace":6,"minecraft:potato":164,"minecraft:diorite":10,"minecraft:chorus_fruit":1,"minecraft:oak_planks":4,"minecraft:stone_pickaxe":48,"minecraft:mangrove_planks":4,"minecraft:wooden_pickaxe":24,"minecraft:diamond_axe":137,"minecraft:blast_furnace":1,"born_in_chaos_v1:monster_flesh":3,"minecraft:bread":12,"born_in_chaos_v1:smoked_monster_flesh":3,"minecraft:diamond_sword":741,"minecraft:bone_meal":75,"sophisticatedbackpacks:iron_backpack":1,"tacz:gun_smith_table":5,"minecraft:cooked_salmon":8,"born_in_chaos_v1:fried_maggot":14,"minecraft:cooked_chicken":6,"minecraft:torch":415,"minecraft:dirt":25,"minecraft:anvil":2,"tetra:modular_sword":34,"tetra:scroll_rolled":1,"minecraft:granite":6,"minecraft:dark_oak_planks":1,"minecraft:iron_axe":146,"minecraft:totem_of_undying":1,"minecraft:gunpowder":1,"tombstone:gift":3,"minecraft:cooked_beef":1,"minecraft:cobbled_deepslate":6,"minecraft:cherry_log":2,"minecraft:cooked_mutton":3,"minecraft:water_bucket":1,"minecraft:iron_ore":10,"minecraft:baked_potato":114,"tombstone:scroll_of_feather_fall":2,"minecraft:crafting_table":6,"supplementaries:bomb":4,"minecraft:white_bed":3,"tombstone:tablet_of_home":2,"minecraft:smoker":3,"tombstone:bag_of_seeds":2,"minecraft:apple":37,"minecraft:iron_pickaxe":690,"tombstone:magic_scroll":7,"minecraft:stone_axe":16,"minecraft:cobblestone":37,"minecraft:cooked_porkchop":8,"minecraft:bucket":1},"minecraft:dropped":{"minecraft:birch_planks":2,"minecraft:lapis_lazuli":22,"minecraft:baked_potato":6,"born_in_chaos_v1:fried_maggot":1,"minecraft:diamond":1,"sophisticatedbackpacks:gold_backpack":1,"paraglider:spirit_orb":1,"born_in_chaos_v1:monster_flesh":1,"minecraft:dirt":1,"tombstone:bag_of_seeds":1,"minecraft:iron_pickaxe":2,"minecraft:white_wool":1,"minecraft:bone":46,"minecraft:gravel":1,"biomesoplenty:toadstool":2,"alexsmobs:centipede_leg":1,"minecraft:stone_axe":1,"minecraft:cooked_chicken":3,"minecraft:iron_nugget":5,"minecraft:cobbled_deepslate":17,"alexsmobs:animal_dictionary":2,"biomesoplenty:yellow_autumn_sapling":2,"minecraft:wheat":5,"tombstone:gift":2,"born_in_chaos_v1:ethereal_spirit":2,"minecraft:rotten_flesh":1,"born_in_chaos_v1:smoked_flesh":22,"supplementaries:flax_seeds":5,"supplementaries:ash":108,"tetra:modular_sword":3,"minecraft:gunpowder":4,"minecraft:beetroot_seeds":10,"minecraft:quartz_block":1,"born_in_chaos_v1:corpse_maggot":4,"tetra:modular_double":1,"born_in_chaos_v1:dark_rod":1,"minecraft:enchanted_book":1,"minecraft:bread":1,"minecraft:iron_ingot":36,"born_in_chaos_v1:shattered_skull":1,"tetra:scroll_rolled":3,"minecraft:wheat_seeds":11,"minecraft:lilac":3,"biomesoplenty:maple_sapling":1,"minecraft:iron_helmet":1,"minecraft:feather":5,"minecraft:cobblestone":15,"minecraft:apple":14,"minecraft:granite":1,"born_in_chaos_v1:gnawed_bones":1,"minecraft:diorite":4,"minecraft:torch":1,"minecraft:rose_bush":6,"born_in_chaos_v1:fused_bone":2,"minecraft:diamond_helmet":1,"tombstone:grave_dust":2,"minecraft:iron_leggings":3,"tacz:modern_kinetic_gun":1,"minecraft:iron_axe":1,"minecraft:string":22,"minecraft:cobblestone_wall":3,"minecraft:light_gray_terracotta":2,"minecraft:tuff":2,"minecraft:iron_boots":3,"minecraft:spruce_fence":2,"tombstone:scroll_of_unstable_intangibility":1,"minecraft:pumpkin_seeds":9,"minecraft:filled_map":3,"minecraft:diamond_sword":3,"minecraft:gray_terracotta":13,"minecraft:shield":1,"alexsmobs:cockroach_wing_fragment":1,"minecraft:bundle":3,"minecraft:iron_chestplate":4,"minecraft:andesite":1,"minecraft:mossy_stone_bricks":1,"minecraft:oak_sapling":1,"minecraft:spider_eye":4,"tetra:modular_shield":1,"tacz:ammo":156,"pfm:furniture_book":1,"minecraft:wooden_pickaxe":2,"minecraft:bow":2,"minecraft:stone_pickaxe":2},"minecraft:crafted":{"minecraft:cooked_chicken":8,"minecraft:cooked_mutton":3,"minecraft:diamond_helmet":1,"minecraft:iron_boots":3,"minecraft:chest":1,"minecraft:smoker":2,"minecraft:cooked_porkchop":8,"minecraft:diamond_axe":1,"minecraft:crafting_table":1,"minecraft:spruce_planks":32,"minecraft:iron_helmet":2,"minecraft:wooden_pickaxe":1,"minecraft:baked_potato":121,"minecraft:copper_ingot":290,"minecraft:birch_planks":36,"biomesoplenty:fir_planks":44,"minecraft:iron_chestplate":3,"minecraft:charcoal":44,"minecraft:shield":2,"minecraft:stick":168,"born_in_chaos_v1:smoked_flesh":71,"minecraft:iron_ingot":229,"minecraft:iron_pickaxe":3,"minecraft:iron_block":5,"minecraft:gold_ingot":27,"minecraft:furnace":4,"minecraft:bone_meal":75,"born_in_chaos_v1:smoked_monster_flesh":3,"minecraft:leather":6,"minecraft:iron_axe":1,"born_in_chaos_v1:fried_maggot":14,"minecraft:stone_pickaxe":1,"minecraft:dark_oak_planks":4,"tetra:modular_double":2,"paraglider:paraglider":1,"minecraft:diamond_sword":1,"tacz:gun_smith_table":2,"minecraft:cooked_salmon":2,"minecraft:mangrove_planks":4,"minecraft:bucket":1,"minecraft:stone_axe":1,"minecraft:air":0,"minecraft:anvil":1,"minecraft:iron_leggings":3,"minecraft:white_bed":1,"minecraft:torch":412},"minecraft:picked_up":{"minecraft:iron_chestplate":2,"minecraft:wheat":5,"minecraft:smithing_table":1,"minecraft:diamond_sword":5,"minecraft:enchanted_book":2,"minecraft:string":23,"minecraft:raw_copper":281,"minecraft:cooked_salmon":6,"biomesoplenty:yellow_autumn_sapling":8,"minecraft:iron_leggings":1,"minecraft:oak_sign":1,"minecraft:cobbled_deepslate":63,"biomesoplenty:fir_planks":1,"minecraft:rose_bush":6,"tetra:modular_sword":2,"minecraft:iron_pickaxe":2,"minecraft:furnace":4,"minecraft:mangrove_log":1,"minecraft:iron_boots":2,"minecraft:stick":12,"born_in_chaos_v1:shattered_skull":4,"born_in_chaos_v1:phantom_powder":5,"minecraft:torch":45,"minecraft:acacia_log":11,"minecraft:porkchop":8,"tacz:attachment":5,"minecraft:cherry_log":4,"tombstone:grave_dust":9,"minecraft:diorite":13,"born_in_chaos_v1:nightmare_claw":2,"alexsmobs:centipede_leg":1,"minecraft:quartz_block":1,"born_in_chaos_v1:fried_maggot":1,"minecraft:rotten_flesh":125,"supplementaries:ash":120,"minecraft:cobblestone":102,"biomesoplenty:lavender":15,"minecraft:birch_log":41,"minecraft:cooked_beef":1,"minecraft:feather":7,"minecraft:lilac":3,"minecraft:iron_door":1,"minecraft:andesite":3,"minecraft:smoker":1,"minecraft:potato":340,"biomesoplenty:fir_log":83,"paraglider:spirit_orb":28,"minecraft:tuff":8,"supplementaries:flax_seeds":5,"minecraft:lapis_lazuli":118,"minecraft:dirt":26,"born_in_chaos_v1:monster_skin":8,"minecraft:bone":119,"tetra:scroll_rolled":2,"minecraft:bow":5,"minecraft:gray_terracotta":13,"minecraft:wheat_seeds":13,"minecraft:raw_gold":23,"minecraft:mossy_stone_bricks":1,"minecraft:diamond_helmet":1,"tacz:gun_smith_table":3,"minecraft:oak_planks":4,"biomesoplenty:toadstool":2,"tetra:modular_double":1,"sophisticatedbackpacks:iron_backpack":1,"minecraft:dark_oak_log":1,"alexsmobs:animal_dictionary":1,"minecraft:bundle":7,"minecraft:light_gray_terracotta":2,"minecraft:diamond":17,"minecraft:granite":9,"minecraft:emerald":15,"minecraft:bread":1,"minecraft:oak_sapling":1,"minecraft:chorus_fruit":1,"sophisticatedbackpacks:gold_backpack":1,"minecraft:charcoal":5,"minecraft:crafting_table":5,"born_in_chaos_v1:diamond_termite_shard":9,"minecraft:chicken":8,"born_in_chaos_v1:seedof_chaos":4,"minecraft:wooden_pickaxe":1,"minecraft:chain":2,"minecraft:iron_axe":1,"tacz:ammo":876,"supplementaries:bomb":4,"minecraft:beef":4,"born_in_chaos_v1:gnawed_bones":3,"minecraft:iron_nugget":49,"minecraft:raw_iron":258,"minecraft:spruce_fence":3,"born_in_chaos_v1:pieceofdarkmetal":5,"minecraft:carrot":1,"minecraft:redstone":78,"biomesoplenty:redwood_planks":1,"minecraft:arrow":37,"minecraft:beetroot_seeds":10,"minecraft:hay_block":4,"minecraft:gold_ingot":20,"minecraft:mutton":10,"minecraft:white_wool":6,"born_in_chaos_v1:fused_bone":5,"born_in_chaos_v1:corpse_maggot":48,"born_in_chaos_v1:monster_flesh":11,"minecraft:leather":2,"minecraft:filled_map":1,"minecraft:oak_log":1,"minecraft:cobblestone_wall":3,"minecraft:gunpowder":31,"minecraft:apple":16,"minecraft:stone_bricks":2,"alexsmobs:cockroach_wing_fragment":1,"minecraft:iron_ingot":37,"minecraft:stone_pickaxe":1,"minecraft:cooked_chicken":3,"tombstone:bag_of_seeds":2,"minecraft:acacia_sapling":1,"sophisticatedbackpacks:diamond_backpack":1,"born_in_chaos_v1:ethereal_spirit":12,"minecraft:gravel":4,"born_in_chaos_v1:dark_rod":1,"minecraft:blast_furnace":1,"minecraft:white_bed":2,"minecraft:spruce_log":8,"minecraft:spider_eye":9,"biomesoplenty:maple_sapling":1,"minecraft:slime_ball":6,"tacz:modern_kinetic_gun":2,"tombstone:magic_scroll":4,"minecraft:baked_potato":19,"minecraft:black_wool":1,"minecraft:coal":218,"minecraft:sunflower":1},"minecraft:mined":{"minecraft:spruce_planks":2,"minecraft:white_bed":2,"minecraft:jungle_leaves":1,"minecraft:granite":9,"minecraft:acacia_log":8,"minecraft:grass_block":5,"sophisticatedbackpacks:iron_backpack":1,"tacz:gun_smith_table":2,"minecraft:spawner":15,"minecraft:light_blue_stained_glass":4,"minecraft:iron_ore":90,"minecraft:fire":1,"biomesoplenty:lavender":7,"minecraft:deepslate_lapis_ore":13,"minecraft:oak_sign":1,"biomesoplenty:webbing":2,"minecraft:deepslate_redstone_ore":4,"minecraft:gray_terracotta":21,"minecraft:quartz_block":1,"tetra:scroll_rolled":1,"minecraft:smoker":1,"minecraft:blue_stained_glass":2,"minecraft:torch":22,"minecraft:light_gray_terracotta":3,"minecraft:blast_furnace":1,"minecraft:white_stained_glass_pane":7,"minecraft:cobblestone":4,"minecraft:oak_planks":6,"minecraft:iron_door":1,"minecraft:wall_torch":9,"minecraft:deepslate_copper_ore":4,"sophisticatedbackpacks:diamond_backpack":1,"minecraft:birch_log":39,"minecraft:wheat":1,"minecraft:lilac":4,"biomesoplenty:fir_log":81,"minecraft:grass":24,"minecraft:oak_log":1,"minecraft:dirt":9,"minecraft:oak_leaves":3,"minecraft:deepslate":34,"minecraft:light_blue_stained_glass_pane":1,"minecraft:tuff":7,"minecraft:blue_stained_glass_pane":6,"minecraft:deepslate_diamond_ore":14,"born_in_chaos_v1:infected_diamond_ore":6,"minecraft:gray_stained_glass_pane":2,"minecraft:glow_lichen":1,"minecraft:spruce_fence":2,"minecraft:white_stained_glass":1,"minecraft:large_fern":1,"minecraft:hay_block":4,"minecraft:furnace":4,"minecraft:andesite":3,"supplementaries:gunpowder":1,"minecraft:potatoes":157,"minecraft:deepslate_iron_ore":119,"biomesoplenty:barley":6,"minecraft:stone":93,"minecraft:smithing_table":1,"minecraft:acacia_leaves":2,"minecraft:hanging_roots":1,"minecraft:crafting_table":5,"minecraft:tall_grass":1,"minecraft:copper_ore":62,"biomesoplenty:sprout":12,"minecraft:lapis_ore":6,"minecraft:deepslate_gold_ore":21,"minecraft:diorite":13,"supplementaries:urn":45,"minecraft:cobblestone_wall":3,"minecraft:spruce_log":8,"minecraft:white_wall_banner":1,"minecraft:coal_ore":153,"biomesoplenty:fir_leaves":3,"minecraft:gravel":3,"biomesoplenty:stringy_cobweb":3,"minecraft:cobweb":3,"minecraft:stone_bricks":2,"minecraft:mossy_stone_bricks":1,"minecraft:fern":51},"minecraft:broken":{"minecraft:iron_boots":1,"minecraft:iron_sword":1,"simplyswords:gold_katana":1,"minecraft:iron_axe":1,"minecraft:iron_pickaxe":1},"minecraft:custom":{"minecraft:interact_with_crafting_table":55,"minecraft:open_barrel":24,"minecraft:leave_game":13,"minecraft:time_since_death":16967,"minecraft:sprint_one_cm":2214216,"minecraft:damage_blocked_by_shield":4761,"minecraft:drop":177,"minecraft:talked_to_villager":3,"minecraft:play_time":679344,"minecraft:deaths":15,"minecraft:jump":8598,"minecraft:walk_on_water_one_cm":59324,"minecraft:enchant_item":5,"minecraft:interact_with_furnace":146,"minecraft:sleep_in_bed":15,"tombstone:sneak_grave":6,"minecraft:damage_dealt":50652,"minecraft:crouch_one_cm":8284,"tombstone:undead_killed":165,"minecraft:interact_with_smoker":38,"minecraft:interact_with_anvil":12,"minecraft:mob_kills":412,"minecraft:damage_dealt_resisted":5829,"minecraft:climb_one_cm":18917,"minecraft:walk_one_cm":1898625,"minecraft:damage_dealt_absorbed":1985,"minecraft:sneak_time":3349,"minecraft:walk_under_water_one_cm":29064,"minecraft:interact_with_blast_furnace":51,"minecraft:total_world_time":679344,"tombstone:raider_killed":3,"minecraft:time_since_rest":15904,"minecraft:damage_taken":15070,"minecraft:damage_absorbed":51,"tombstone:cast_on_ally":3,"minecraft:swim_one_cm":92567,"minecraft:freezer_opened":2,"minecraft:fly_one_cm":1451042,"minecraft:open_chest":61,"minecraft:fall_one_cm":174167},"minecraft:killed":{"minecraft:cave_spider":4,"minecraft:witch":1,"born_in_chaos_v1:restless_spirit":3,"born_in_chaos_v1:zombie_lumberjack":5,"minecraft:spider":19,"born_in_chaos_v1:siamese_skeletonsright":2,"born_in_chaos_v1:scarlet_persecutor":5,"minecraft:skeleton":38,"minecraft:chicken":7,"alexsmobs:centipede_head":1,"born_in_chaos_v1:bonescaller":1,"minecraft:pig":5,"alexsmobs:grizzly_bear":1,"minecraft:zombie_villager":1,"born_in_chaos_v1:diamond_termite":10,"minecraft:creeper":32,"minecraft:sheep":6,"minecraft:pillager":2,"minecraft:zombie":87,"born_in_chaos_v1:dread_hound":10,"born_in_chaos_v1:corpse_fly":26,"endofherobrine:chicken":1,"cave_dweller:cave_dweller":1,"born_in_chaos_v1:door_knight":3,"midnightlurker:midnight_lurker_backturned":1,"minecraft:cow":2,"born_in_chaos_v1:siamese_skeletonsleft":2,"midnightlurker:void_hands":3,"midnightlurker:midnight_lurker_stalking":1,"minecraft:slime":11,"midnightlurker:midnight_lurker_aggressive":1,"born_in_chaos_v1:zombie_bruiser":3,"born_in_chaos_v1:maggot":37,"minecraft:phantom":5,"alexsmobs:blue_jay":4,"midnightlurker:midnight_lurker_hider":1,"born_in_chaos_v1:fallen_chaos_knight":1,"born_in_chaos_v1:baby_skeleton":5,"born_in_chaos_v1:swarmer":2,"minecraft:bat":2,"born_in_chaos_v1:decrepit_skeleton":15,"born_in_chaos_v1:phantom_creeper_copy":1,"born_in_chaos_v1:bloody_gadfly":1,"alexsmobs:cockroach":1,"born_in_chaos_v1:dark_vortex":1,"born_in_chaos_v1:nightmare_stalker":1,"endofherobrine:sheep":4,"minecraft:enderman":4}},"DataVersion":3465}