{"stats":{"minecraft:mined":{"minecraft:hanging_roots":1,"minecraft:crafting_table":3,"minecraft:grass_block":1,"minecraft:spruce_fence":1,"minecraft:lapis_ore":6,"minecraft:diorite":1,"minecraft:spawner":3,"supplementaries:urn":1,"minecraft:furnace":2,"minecraft:iron_ore":33,"minecraft:andesite":2,"biomesoplenty:fir_log":12,"minecraft:grass":1,"minecraft:coal_ore":36,"minecraft:dirt":4,"minecraft:stone":36,"minecraft:deepslate":1,"minecraft:fern":1},"minecraft:used":{"minecraft:stone_pickaxe":48,"minecraft:wooden_pickaxe":24,"minecraft:shield":11,"minecraft:iron_sword":73,"minecraft:torch":56,"minecraft:dirt":5,"minecraft:crafting_table":3,"born_in_chaos_v1:smoked_flesh":3,"minecraft:apple":4,"minecraft:iron_pickaxe":54,"minecraft:iron_helmet":1,"minecraft:totem_of_undying":1,"minecraft:stone_axe":15,"minecraft:furnace":2},"minecraft:custom":{"minecraft:interact_with_furnace":7,"minecraft:mob_kills":16,"minecraft:interact_with_crafting_table":5,"minecraft:open_barrel":8,"minecraft:damage_dealt_resisted":28,"minecraft:leave_game":3,"minecraft:time_since_death":4277,"minecraft:climb_one_cm":347,"minecraft:time_since_rest":2637,"minecraft:sprint_one_cm":130142,"minecraft:damage_taken":1119,"minecraft:walk_one_cm":88915,"minecraft:damage_blocked_by_shield":375,"minecraft:drop":16,"minecraft:damage_dealt":3377,"minecraft:fly_one_cm":70685,"minecraft:open_chest":8,"minecraft:crouch_one_cm":1645,"minecraft:play_time":30345,"tombstone:undead_killed":7,"minecraft:deaths":2,"minecraft:sneak_time":469,"minecraft:walk_under_water_one_cm":344,"minecraft:jump":403,"minecraft:walk_on_water_one_cm":1475,"minecraft:total_world_time":30345,"minecraft:fall_one_cm":9032},"minecraft:killed":{"born_in_chaos_v1:baby_skeleton":1,"minecraft:spider":5,"born_in_chaos_v1:decrepit_skeleton":2,"born_in_chaos_v1:maggot":2,"minecraft:skeleton":3,"minecraft:zombie":1,"born_in_chaos_v1:dread_hound":2},"minecraft:crafted":{"minecraft:crafting_table":1,"minecraft:wooden_pickaxe":1,"minecraft:iron_helmet":1,"minecraft:furnace":2,"minecraft:stone_axe":1,"minecraft:air":0,"biomesoplenty:fir_planks":36,"minecraft:shield":1,"minecraft:stick":44,"minecraft:iron_ingot":10,"minecraft:iron_pickaxe":1,"minecraft:stone_pickaxe":1,"minecraft:torch":68},"minecraft:dropped":{"biomesoplenty:toadstool":2,"minecraft:spruce_fence":2,"tombstone:bag_of_seeds":1,"minecraft:gunpowder":1,"minecraft:diorite":1,"minecraft:bundle":1,"minecraft:spider_eye":4,"minecraft:wooden_pickaxe":2,"minecraft:stone_pickaxe":2,"minecraft:string":2},"minecraft:picked_up":{"minecraft:crafting_table":3,"minecraft:andesite":2,"minecraft:wooden_pickaxe":1,"biomesoplenty:fir_log":11,"paraglider:spirit_orb":4,"minecraft:gunpowder":2,"minecraft:dirt":5,"minecraft:lapis_lazuli":39,"minecraft:string":3,"minecraft:bone":15,"minecraft:stone_pickaxe":1,"tombstone:bag_of_seeds":1,"minecraft:furnace":2,"biomesoplenty:toadstool":2,"minecraft:raw_iron":33,"minecraft:torch":2,"minecraft:spruce_fence":2,"minecraft:diorite":1,"minecraft:spider_eye":4,"minecraft:bundle":2,"minecraft:arrow":5,"minecraft:rotten_flesh":6,"minecraft:coal":39,"minecraft:cobblestone":35}},"DataVersion":3465}