{"stats":{"minecraft:mined":{"minecraft:white_bed":2,"minecraft:deepslate_diamond_ore":12,"minecraft:glow_lichen":1,"born_in_chaos_v1:infected_diamond_ore":3,"minecraft:granite":1,"minecraft:spruce_fence":2,"minecraft:grass_block":1,"tacz:gun_smith_table":1,"minecraft:spawner":3,"minecraft:large_fern":1,"minecraft:furnace":4,"minecraft:iron_ore":63,"minecraft:andesite":2,"minecraft:deepslate_lapis_ore":8,"minecraft:potatoes":19,"minecraft:deepslate_iron_ore":49,"biomesoplenty:barley":6,"minecraft:stone":41,"minecraft:hanging_roots":1,"minecraft:smoker":1,"minecraft:crafting_table":5,"minecraft:torch":5,"minecraft:copper_ore":8,"minecraft:lapis_ore":6,"minecraft:diorite":3,"minecraft:iron_door":1,"minecraft:wall_torch":1,"minecraft:deepslate_copper_ore":4,"supplementaries:urn":30,"minecraft:birch_log":28,"biomesoplenty:fir_log":12,"minecraft:grass":8,"minecraft:coal_ore":72,"minecraft:gravel":1,"minecraft:dirt":4,"minecraft:deepslate":17,"minecraft:fern":46},"minecraft:broken":{"minecraft:iron_axe":1,"minecraft:iron_sword":1},"minecraft:used":{"tacz:gun_smith_table":2,"minecraft:chest":1,"minecraft:shield":31,"minecraft:iron_sword":297,"minecraft:cooked_salmon":6,"minecraft:rotten_flesh":4,"born_in_chaos_v1:fried_maggot":14,"minecraft:cooked_chicken":5,"minecraft:torch":199,"minecraft:dirt":5,"born_in_chaos_v1:corpse_maggot":5,"born_in_chaos_v1:smoked_flesh":27,"minecraft:iron_axe":146,"minecraft:iron_helmet":1,"minecraft:totem_of_undying":1,"minecraft:bow":7,"minecraft:furnace":6,"tombstone:gift":3,"minecraft:potato":22,"minecraft:baked_potato":17,"minecraft:stone_pickaxe":48,"minecraft:wooden_pickaxe":24,"minecraft:diamond_axe":2,"minecraft:crafting_table":6,"supplementaries:bomb":4,"minecraft:smoker":2,"tombstone:bag_of_seeds":2,"minecraft:apple":5,"born_in_chaos_v1:monster_flesh":3,"minecraft:bread":1,"minecraft:iron_pickaxe":242,"tombstone:magic_scroll":1,"born_in_chaos_v1:smoked_monster_flesh":3,"minecraft:stone_axe":16,"minecraft:diamond_sword":47,"minecraft:cobblestone":4},"minecraft:custom":{"minecraft:mob_kills":130,"minecraft:interact_with_crafting_table":16,"minecraft:open_barrel":15,"minecraft:damage_dealt_resisted":310,"minecraft:leave_game":3,"minecraft:time_since_death":3978,"minecraft:climb_one_cm":879,"minecraft:walk_one_cm":627517,"minecraft:sprint_one_cm":710396,"minecraft:damage_blocked_by_shield":1033,"minecraft:drop":59,"minecraft:damage_dealt_absorbed":122,"minecraft:talked_to_villager":1,"minecraft:play_time":180345,"minecraft:deaths":7,"minecraft:sneak_time":820,"minecraft:walk_under_water_one_cm":6536,"minecraft:jump":3038,"minecraft:walk_on_water_one_cm":19359,"minecraft:total_world_time":180345,"minecraft:interact_with_furnace":71,"minecraft:time_since_rest":1579,"minecraft:damage_taken":4712,"minecraft:damage_absorbed":51,"minecraft:damage_dealt":16843,"minecraft:swim_one_cm":31290,"minecraft:fly_one_cm":449124,"minecraft:open_chest":32,"minecraft:crouch_one_cm":2233,"tombstone:undead_killed":52,"minecraft:interact_with_smoker":16,"minecraft:fall_one_cm":55555},"minecraft:crafted":{"minecraft:cooked_chicken":5,"minecraft:furnace":3,"born_in_chaos_v1:smoked_monster_flesh":3,"minecraft:diamond_helmet":1,"minecraft:iron_boots":1,"minecraft:iron_axe":1,"born_in_chaos_v1:fried_maggot":14,"minecraft:stone_pickaxe":1,"minecraft:chest":1,"minecraft:smoker":1,"minecraft:diamond_sword":1,"minecraft:diamond_axe":1,"minecraft:crafting_table":1,"minecraft:baked_potato":22,"minecraft:wooden_pickaxe":1,"minecraft:iron_helmet":1,"tacz:gun_smith_table":1,"minecraft:cooked_salmon":2,"minecraft:copper_ingot":48,"minecraft:birch_planks":28,"minecraft:stone_axe":1,"minecraft:air":0,"biomesoplenty:fir_planks":44,"minecraft:iron_chestplate":1,"minecraft:charcoal":13,"minecraft:shield":1,"minecraft:stick":104,"minecraft:iron_pickaxe":2,"born_in_chaos_v1:smoked_flesh":29,"minecraft:iron_ingot":91,"minecraft:iron_block":1,"minecraft:iron_leggings":1,"minecraft:torch":196},"minecraft:killed":{"born_in_chaos_v1:restless_spirit":1,"born_in_chaos_v1:zombie_lumberjack":1,"minecraft:spider":6,"minecraft:slime":11,"born_in_chaos_v1:siamese_skeletonsright":1,"born_in_chaos_v1:zombie_bruiser":1,"born_in_chaos_v1:scarlet_persecutor":4,"born_in_chaos_v1:maggot":17,"minecraft:skeleton":11,"minecraft:chicken":3,"born_in_chaos_v1:bonescaller":1,"alexsmobs:grizzly_bear":1,"born_in_chaos_v1:diamond_termite":3,"minecraft:zombie_villager":1,"born_in_chaos_v1:baby_skeleton":2,"minecraft:creeper":3,"born_in_chaos_v1:decrepit_skeleton":5,"born_in_chaos_v1:phantom_creeper_copy":1,"minecraft:zombie":28,"born_in_chaos_v1:dread_hound":7,"born_in_chaos_v1:corpse_fly":8,"endofherobrine:chicken":1,"midnightlurker:midnight_lurker_backturned":1,"minecraft:cow":1,"minecraft:enderman":1,"born_in_chaos_v1:siamese_skeletonsleft":1},"minecraft:dropped":{"minecraft:iron_ingot":5,"born_in_chaos_v1:shattered_skull":1,"minecraft:wheat_seeds":3,"born_in_chaos_v1:fried_maggot":1,"minecraft:diamond":1,"minecraft:feather":5,"minecraft:cobblestone":11,"minecraft:granite":1,"tombstone:bag_of_seeds":1,"minecraft:diorite":4,"minecraft:iron_axe":1,"minecraft:iron_pickaxe":1,"minecraft:string":3,"minecraft:bone":32,"biomesoplenty:toadstool":2,"minecraft:stone_axe":1,"alexsmobs:animal_dictionary":2,"minecraft:cobbled_deepslate":7,"tombstone:gift":1,"born_in_chaos_v1:smoked_flesh":7,"minecraft:spruce_fence":2,"minecraft:pumpkin_seeds":5,"minecraft:diamond_sword":3,"supplementaries:flax_seeds":1,"supplementaries:ash":80,"minecraft:gunpowder":1,"minecraft:bundle":2,"minecraft:beetroot_seeds":10,"minecraft:spider_eye":4,"pfm:furniture_book":1,"minecraft:stone_pickaxe":2,"minecraft:wooden_pickaxe":2},"minecraft:picked_up":{"minecraft:charcoal":5,"born_in_chaos_v1:diamond_termite_shard":3,"minecraft:crafting_table":5,"minecraft:chicken":5,"born_in_chaos_v1:seedof_chaos":2,"minecraft:diamond_sword":3,"minecraft:wooden_pickaxe":1,"minecraft:chain":2,"minecraft:cooked_salmon":6,"minecraft:raw_copper":52,"minecraft:string":4,"minecraft:iron_axe":1,"biomesoplenty:yellow_autumn_sapling":6,"tacz:ammo":90,"supplementaries:bomb":4,"minecraft:cobbled_deepslate":42,"biomesoplenty:fir_planks":1,"minecraft:beef":3,"born_in_chaos_v1:gnawed_bones":2,"minecraft:iron_nugget":32,"minecraft:furnace":4,"minecraft:stick":2,"minecraft:raw_iron":115,"born_in_chaos_v1:shattered_skull":2,"born_in_chaos_v1:phantom_powder":5,"minecraft:torch":12,"minecraft:spruce_fence":3,"tombstone:grave_dust":4,"minecraft:diorite":3,"born_in_chaos_v1:pieceofdarkmetal":2,"born_in_chaos_v1:fried_maggot":1,"minecraft:arrow":15,"minecraft:rotten_flesh":39,"minecraft:beetroot_seeds":10,"supplementaries:ash":80,"minecraft:cobblestone":39,"born_in_chaos_v1:fused_bone":1,"minecraft:birch_log":28,"born_in_chaos_v1:corpse_maggot":19,"minecraft:feather":5,"born_in_chaos_v1:monster_flesh":6,"minecraft:iron_door":1,"minecraft:andesite":2,"minecraft:leather":1,"minecraft:smoker":1,"minecraft:potato":30,"biomesoplenty:fir_log":22,"paraglider:spirit_orb":4,"minecraft:tuff":2,"supplementaries:flax_seeds":1,"minecraft:gunpowder":7,"minecraft:lapis_lazuli":94,"minecraft:dirt":5,"born_in_chaos_v1:monster_skin":2,"minecraft:bone":75,"minecraft:apple":1,"minecraft:bow":1,"minecraft:wheat_seeds":2,"minecraft:iron_ingot":1,"minecraft:stone_pickaxe":1,"tombstone:bag_of_seeds":2,"tacz:gun_smith_table":1,"sophisticatedbackpacks:diamond_backpack":1,"biomesoplenty:toadstool":2,"born_in_chaos_v1:ethereal_spirit":4,"minecraft:gravel":3,"minecraft:white_bed":2,"minecraft:spider_eye":5,"alexsmobs:animal_dictionary":1,"minecraft:bundle":5,"minecraft:slime_ball":6,"minecraft:diamond":13,"tacz:modern_kinetic_gun":1,"minecraft:granite":1,"minecraft:emerald":6,"minecraft:bread":1,"tombstone:magic_scroll":1,"minecraft:coal":87}},"DataVersion":3465}