{"stats":{"minecraft:mined":{"minecraft:deepslate_diamond_ore":2,"minecraft:granite":1,"minecraft:spruce_fence":1,"minecraft:grass_block":1,"minecraft:spawner":3,"minecraft:large_fern":1,"minecraft:furnace":4,"minecraft:iron_ore":51,"minecraft:andesite":2,"minecraft:deepslate_lapis_ore":8,"minecraft:deepslate_iron_ore":33,"biomesoplenty:barley":6,"minecraft:stone":37,"minecraft:hanging_roots":1,"minecraft:crafting_table":5,"minecraft:torch":4,"minecraft:copper_ore":8,"minecraft:lapis_ore":6,"minecraft:diorite":3,"minecraft:deepslate_copper_ore":4,"supplementaries:urn":11,"minecraft:birch_log":28,"biomesoplenty:fir_log":12,"minecraft:grass":7,"minecraft:coal_ore":38,"minecraft:dirt":4,"minecraft:deepslate":10,"minecraft:fern":45},"minecraft:used":{"minecraft:shield":29,"minecraft:iron_sword":293,"minecraft:rotten_flesh":4,"born_in_chaos_v1:fried_maggot":14,"minecraft:cooked_chicken":5,"minecraft:torch":108,"minecraft:dirt":5,"born_in_chaos_v1:smoked_flesh":6,"minecraft:iron_axe":39,"minecraft:iron_helmet":1,"minecraft:totem_of_undying":1,"minecraft:furnace":6,"minecraft:stone_pickaxe":48,"minecraft:wooden_pickaxe":24,"minecraft:crafting_table":6,"supplementaries:bomb":4,"minecraft:smoker":1,"tombstone:bag_of_seeds":2,"minecraft:apple":5,"minecraft:bread":1,"minecraft:iron_pickaxe":146,"minecraft:stone_axe":16,"minecraft:cobblestone":4},"minecraft:custom":{"minecraft:mob_kills":68,"minecraft:interact_with_crafting_table":10,"minecraft:open_barrel":8,"minecraft:damage_dealt_resisted":109,"minecraft:leave_game":3,"minecraft:time_since_death":40277,"minecraft:climb_one_cm":347,"minecraft:walk_one_cm":224534,"minecraft:sprint_one_cm":253449,"minecraft:damage_blocked_by_shield":971,"minecraft:drop":42,"minecraft:play_time":66345,"minecraft:deaths":2,"minecraft:sneak_time":544,"minecraft:walk_under_water_one_cm":865,"minecraft:jump":904,"minecraft:walk_on_water_one_cm":6482,"minecraft:total_world_time":66345,"minecraft:interact_with_furnace":37,"minecraft:time_since_rest":38637,"minecraft:damage_taken":1791,"minecraft:damage_dealt":10799,"minecraft:swim_one_cm":16111,"minecraft:fly_one_cm":141207,"minecraft:open_chest":8,"minecraft:crouch_one_cm":1694,"tombstone:undead_killed":34,"minecraft:interact_with_smoker":5,"minecraft:fall_one_cm":14459},"minecraft:crafted":{"minecraft:cooked_chicken":5,"minecraft:furnace":3,"minecraft:iron_boots":1,"minecraft:iron_axe":1,"born_in_chaos_v1:fried_maggot":14,"minecraft:stone_pickaxe":1,"minecraft:smoker":1,"minecraft:crafting_table":1,"minecraft:wooden_pickaxe":1,"minecraft:iron_helmet":1,"minecraft:stone_axe":1,"minecraft:air":0,"biomesoplenty:fir_planks":44,"minecraft:iron_chestplate":1,"minecraft:charcoal":13,"minecraft:shield":1,"minecraft:stick":48,"minecraft:iron_pickaxe":1,"born_in_chaos_v1:smoked_flesh":1,"minecraft:iron_ingot":34,"minecraft:iron_leggings":1,"minecraft:torch":112},"minecraft:killed":{"born_in_chaos_v1:zombie_lumberjack":1,"minecraft:spider":6,"born_in_chaos_v1:siamese_skeletonsright":1,"born_in_chaos_v1:maggot":7,"minecraft:skeleton":9,"minecraft:chicken":3,"minecraft:zombie_villager":1,"born_in_chaos_v1:baby_skeleton":1,"born_in_chaos_v1:decrepit_skeleton":4,"minecraft:zombie":16,"born_in_chaos_v1:dread_hound":5,"born_in_chaos_v1:corpse_fly":8,"endofherobrine:chicken":1,"born_in_chaos_v1:siamese_skeletonsleft":1},"minecraft:dropped":{"born_in_chaos_v1:shattered_skull":1,"minecraft:wheat_seeds":3,"born_in_chaos_v1:fried_maggot":1,"minecraft:diamond":1,"minecraft:feather":5,"minecraft:cobblestone":11,"minecraft:granite":1,"tombstone:bag_of_seeds":1,"minecraft:diorite":4,"minecraft:iron_axe":1,"minecraft:string":3,"biomesoplenty:toadstool":2,"minecraft:stone_axe":1,"alexsmobs:animal_dictionary":2,"minecraft:cobbled_deepslate":6,"tombstone:gift":1,"minecraft:spruce_fence":2,"minecraft:pumpkin_seeds":5,"supplementaries:ash":28,"minecraft:gunpowder":1,"minecraft:bundle":2,"minecraft:beetroot_seeds":10,"minecraft:spider_eye":4,"pfm:furniture_book":1,"minecraft:stone_pickaxe":2,"minecraft:wooden_pickaxe":2},"minecraft:picked_up":{"minecraft:crafting_table":5,"minecraft:chicken":5,"minecraft:wooden_pickaxe":1,"minecraft:raw_copper":52,"minecraft:string":4,"minecraft:iron_axe":1,"biomesoplenty:yellow_autumn_sapling":6,"supplementaries:bomb":4,"minecraft:cobbled_deepslate":16,"biomesoplenty:fir_planks":1,"minecraft:furnace":4,"minecraft:stick":2,"minecraft:raw_iron":88,"born_in_chaos_v1:shattered_skull":1,"minecraft:torch":9,"minecraft:spruce_fence":2,"tombstone:grave_dust":2,"minecraft:diorite":3,"born_in_chaos_v1:fried_maggot":1,"minecraft:arrow":14,"minecraft:rotten_flesh":29,"minecraft:beetroot_seeds":10,"supplementaries:ash":28,"minecraft:cobblestone":35,"born_in_chaos_v1:fused_bone":1,"minecraft:birch_log":28,"born_in_chaos_v1:corpse_maggot":14,"minecraft:feather":5,"born_in_chaos_v1:monster_flesh":3,"minecraft:andesite":2,"biomesoplenty:fir_log":22,"paraglider:spirit_orb":4,"minecraft:gunpowder":4,"minecraft:lapis_lazuli":94,"minecraft:dirt":5,"born_in_chaos_v1:monster_skin":1,"minecraft:bone":32,"minecraft:apple":1,"minecraft:bow":1,"minecraft:wheat_seeds":2,"minecraft:stone_pickaxe":1,"tombstone:bag_of_seeds":2,"biomesoplenty:toadstool":2,"minecraft:gravel":3,"minecraft:spider_eye":5,"alexsmobs:animal_dictionary":1,"minecraft:bundle":5,"minecraft:diamond":2,"minecraft:granite":1,"minecraft:bread":1,"tombstone:magic_scroll":1,"minecraft:coal":51}},"DataVersion":3465}