{"stats":{"minecraft:picked_up":{"minecraft:charcoal":5,"born_in_chaos_v1:diamond_termite_shard":3,"minecraft:iron_chestplate":1,"minecraft:crafting_table":5,"minecraft:wheat":5,"minecraft:chicken":8,"born_in_chaos_v1:seedof_chaos":3,"minecraft:diamond_sword":3,"minecraft:wooden_pickaxe":1,"minecraft:chain":2,"minecraft:string":19,"minecraft:cooked_salmon":6,"minecraft:raw_copper":52,"minecraft:iron_axe":1,"biomesoplenty:yellow_autumn_sapling":6,"tacz:ammo":405,"supplementaries:bomb":4,"minecraft:cobbled_deepslate":45,"biomesoplenty:fir_planks":1,"minecraft:beef":4,"minecraft:rose_bush":6,"born_in_chaos_v1:gnawed_bones":3,"minecraft:iron_nugget":37,"minecraft:iron_pickaxe":2,"minecraft:mangrove_log":1,"minecraft:furnace":4,"minecraft:raw_iron":125,"minecraft:stick":2,"born_in_chaos_v1:shattered_skull":3,"born_in_chaos_v1:phantom_powder":5,"minecraft:torch":12,"minecraft:spruce_fence":3,"minecraft:porkchop":4,"tacz:attachment":5,"born_in_chaos_v1:pieceofdarkmetal":4,"tombstone:grave_dust":7,"minecraft:diorite":3,"born_in_chaos_v1:nightmare_claw":2,"minecraft:carrot":1,"born_in_chaos_v1:fried_maggot":1,"minecraft:arrow":23,"minecraft:rotten_flesh":92,"minecraft:beetroot_seeds":10,"supplementaries:ash":96,"minecraft:mutton":10,"minecraft:cobblestone":50,"minecraft:white_wool":6,"born_in_chaos_v1:fused_bone":3,"minecraft:birch_log":30,"born_in_chaos_v1:corpse_maggot":32,"minecraft:feather":7,"minecraft:lilac":3,"born_in_chaos_v1:monster_flesh":8,"minecraft:iron_door":1,"minecraft:andesite":2,"minecraft:leather":2,"minecraft:smoker":1,"minecraft:potato":183,"paraglider:spirit_orb":24,"minecraft:filled_map":1,"biomesoplenty:fir_log":57,"minecraft:tuff":4,"supplementaries:flax_seeds":4,"minecraft:cobblestone_wall":2,"minecraft:gunpowder":23,"minecraft:dirt":21,"minecraft:lapis_lazuli":94,"born_in_chaos_v1:monster_skin":7,"tetra:scroll_rolled":1,"minecraft:bone":93,"minecraft:apple":15,"minecraft:stone_bricks":2,"minecraft:bow":2,"minecraft:gray_terracotta":13,"minecraft:wheat_seeds":9,"minecraft:raw_gold":2,"minecraft:iron_ingot":26,"minecraft:stone_pickaxe":1,"tombstone:bag_of_seeds":2,"minecraft:mossy_stone_bricks":1,"tacz:gun_smith_table":2,"minecraft:oak_planks":4,"sophisticatedbackpacks:diamond_backpack":1,"biomesoplenty:toadstool":2,"born_in_chaos_v1:ethereal_spirit":4,"minecraft:gravel":3,"sophisticatedbackpacks:iron_backpack":1,"minecraft:white_bed":2,"minecraft:dark_oak_log":1,"minecraft:spider_eye":8,"alexsmobs:animal_dictionary":1,"minecraft:bundle":5,"minecraft:light_gray_terracotta":2,"minecraft:slime_ball":6,"minecraft:diamond":13,"tacz:modern_kinetic_gun":1,"minecraft:granite":1,"minecraft:emerald":6,"minecraft:bread":1,"minecraft:baked_potato":6,"tombstone:magic_scroll":1,"minecraft:oak_sapling":1,"minecraft:black_wool":1,"minecraft:chorus_fruit":1,"minecraft:coal":119,"minecraft:sunflower":1},"minecraft:used":{"minecraft:chest":1,"tacz:gun_smith_table":3,"minecraft:shield":61,"minecraft:cooked_salmon":8,"minecraft:cooked_chicken":5,"minecraft:iron_sword":297,"born_in_chaos_v1:fried_maggot":14,"minecraft:rotten_flesh":4,"minecraft:torch":208,"minecraft:dirt":21,"simplyswords:gold_katana":33,"born_in_chaos_v1:corpse_maggot":5,"born_in_chaos_v1:smoked_flesh":48,"minecraft:iron_axe":146,"minecraft:iron_helmet":1,"minecraft:totem_of_undying":1,"minecraft:gunpowder":1,"minecraft:bow":30,"minecraft:furnace":6,"tombstone:gift":3,"minecraft:potato":101,"minecraft:oak_planks":4,"minecraft:mangrove_planks":4,"minecraft:iron_ore":10,"minecraft:baked_potato":37,"minecraft:stone_pickaxe":48,"minecraft:wooden_pickaxe":24,"minecraft:diamond_axe":62,"tombstone:scroll_of_feather_fall":2,"minecraft:crafting_table":6,"supplementaries:bomb":4,"minecraft:white_bed":2,"tombstone:tablet_of_home":2,"minecraft:smoker":2,"tombstone:bag_of_seeds":2,"minecraft:apple":37,"born_in_chaos_v1:monster_flesh":3,"minecraft:bread":12,"minecraft:iron_pickaxe":349,"tombstone:magic_scroll":2,"born_in_chaos_v1:smoked_monster_flesh":3,"minecraft:stone_axe":16,"minecraft:diamond_sword":306,"minecraft:cobblestone":10,"minecraft:bone_meal":75},"minecraft:broken":{"simplyswords:gold_katana":1,"minecraft:iron_boots":1,"minecraft:iron_axe":1,"minecraft:iron_sword":1},"minecraft:custom":{"minecraft:mob_kills":286,"minecraft:interact_with_crafting_table":26,"minecraft:open_barrel":23,"minecraft:damage_dealt_resisted":3051,"minecraft:leave_game":4,"minecraft:time_since_death":24052,"minecraft:climb_one_cm":17315,"minecraft:sprint_one_cm":1357336,"minecraft:walk_one_cm":1117095,"minecraft:damage_blocked_by_shield":3182,"minecraft:drop":104,"minecraft:damage_dealt_absorbed":1985,"minecraft:talked_to_villager":1,"minecraft:play_time":325832,"minecraft:deaths":13,"minecraft:sneak_time":1590,"minecraft:walk_under_water_one_cm":9665,"minecraft:jump":4796,"minecraft:walk_on_water_one_cm":26954,"minecraft:enchant_item":5,"minecraft:total_world_time":325832,"minecraft:interact_with_furnace":90,"minecraft:sleep_in_bed":1,"minecraft:time_since_rest":21673,"minecraft:damage_taken":9589,"minecraft:damage_absorbed":51,"tombstone:sneak_grave":6,"minecraft:damage_dealt":29491,"tombstone:cast_on_ally":2,"minecraft:swim_one_cm":47694,"minecraft:fly_one_cm":862479,"minecraft:open_chest":45,"minecraft:crouch_one_cm":3636,"tombstone:undead_killed":112,"minecraft:fall_one_cm":101515,"minecraft:interact_with_smoker":22},"minecraft:mined":{"minecraft:light_blue_stained_glass_pane":1,"minecraft:tuff":4,"minecraft:white_bed":2,"minecraft:blue_stained_glass_pane":6,"minecraft:deepslate_diamond_ore":12,"minecraft:jungle_leaves":1,"born_in_chaos_v1:infected_diamond_ore":3,"minecraft:gray_stained_glass_pane":2,"minecraft:glow_lichen":1,"minecraft:granite":1,"minecraft:spruce_fence":2,"minecraft:grass_block":2,"tacz:gun_smith_table":1,"minecraft:spawner":13,"minecraft:large_fern":1,"minecraft:furnace":4,"minecraft:iron_ore":73,"minecraft:andesite":2,"minecraft:deepslate_lapis_ore":8,"supplementaries:gunpowder":1,"minecraft:potatoes":108,"minecraft:deepslate_iron_ore":49,"biomesoplenty:webbing":2,"biomesoplenty:barley":6,"minecraft:stone":52,"minecraft:gray_terracotta":21,"minecraft:smoker":1,"minecraft:hanging_roots":1,"minecraft:crafting_table":5,"minecraft:torch":5,"minecraft:light_gray_terracotta":3,"minecraft:white_stained_glass_pane":7,"minecraft:copper_ore":8,"biomesoplenty:sprout":9,"minecraft:deepslate_gold_ore":2,"minecraft:lapis_ore":6,"minecraft:oak_planks":6,"minecraft:diorite":3,"minecraft:iron_door":1,"minecraft:wall_torch":1,"minecraft:deepslate_copper_ore":4,"supplementaries:urn":34,"minecraft:cobblestone_wall":1,"minecraft:birch_log":28,"minecraft:wheat":1,"minecraft:lilac":4,"biomesoplenty:fir_log":51,"minecraft:grass":17,"minecraft:coal_ore":104,"minecraft:gravel":1,"minecraft:dirt":6,"minecraft:cobweb":1,"minecraft:stone_bricks":2,"minecraft:deepslate":20,"minecraft:mossy_stone_bricks":1,"minecraft:oak_leaves":3,"minecraft:fern":47},"minecraft:crafted":{"minecraft:cooked_chicken":5,"minecraft:furnace":3,"minecraft:bone_meal":75,"born_in_chaos_v1:smoked_monster_flesh":3,"minecraft:diamond_helmet":1,"minecraft:iron_boots":2,"minecraft:leather":6,"minecraft:iron_axe":1,"born_in_chaos_v1:fried_maggot":14,"minecraft:stone_pickaxe":1,"minecraft:chest":1,"minecraft:smoker":1,"paraglider:paraglider":1,"minecraft:diamond_sword":1,"minecraft:diamond_axe":1,"minecraft:crafting_table":1,"minecraft:wooden_pickaxe":1,"minecraft:baked_potato":37,"minecraft:iron_helmet":1,"tacz:gun_smith_table":1,"minecraft:cooked_salmon":2,"minecraft:copper_ingot":91,"minecraft:mangrove_planks":4,"minecraft:birch_planks":36,"minecraft:stone_axe":1,"minecraft:air":0,"biomesoplenty:fir_planks":44,"minecraft:iron_chestplate":2,"minecraft:charcoal":13,"minecraft:shield":2,"minecraft:stick":104,"born_in_chaos_v1:smoked_flesh":55,"minecraft:iron_ingot":107,"minecraft:iron_pickaxe":2,"minecraft:iron_block":1,"minecraft:iron_leggings":2,"minecraft:torch":196},"minecraft:killed":{"minecraft:cave_spider":2,"born_in_chaos_v1:zombie_lumberjack":2,"born_in_chaos_v1:restless_spirit":1,"midnightlurker:void_hands":1,"minecraft:spider":14,"minecraft:slime":11,"born_in_chaos_v1:siamese_skeletonsright":2,"born_in_chaos_v1:zombie_bruiser":3,"born_in_chaos_v1:maggot":24,"born_in_chaos_v1:scarlet_persecutor":4,"minecraft:phantom":2,"minecraft:skeleton":21,"alexsmobs:blue_jay":4,"minecraft:chicken":7,"born_in_chaos_v1:fallen_chaos_knight":1,"born_in_chaos_v1:bonescaller":1,"minecraft:pig":3,"alexsmobs:grizzly_bear":1,"born_in_chaos_v1:diamond_termite":3,"minecraft:zombie_villager":1,"born_in_chaos_v1:baby_skeleton":3,"born_in_chaos_v1:swarmer":2,"minecraft:bat":1,"minecraft:creeper":23,"born_in_chaos_v1:decrepit_skeleton":10,"minecraft:sheep":6,"born_in_chaos_v1:phantom_creeper_copy":1,"born_in_chaos_v1:bloody_gadfly":1,"minecraft:zombie":62,"born_in_chaos_v1:dread_hound":8,"born_in_chaos_v1:corpse_fly":18,"endofherobrine:chicken":1,"born_in_chaos_v1:nightmare_stalker":1,"endofherobrine:sheep":4,"born_in_chaos_v1:door_knight":2,"midnightlurker:midnight_lurker_backturned":1,"born_in_chaos_v1:siamese_skeletonsleft":2,"minecraft:enderman":2,"minecraft:cow":2},"minecraft:dropped":{"minecraft:iron_ingot":5,"minecraft:bread":1,"born_in_chaos_v1:shattered_skull":1,"minecraft:wheat_seeds":3,"minecraft:lapis_lazuli":22,"minecraft:lilac":3,"born_in_chaos_v1:fried_maggot":1,"minecraft:diamond":1,"minecraft:feather":5,"minecraft:cobblestone":11,"minecraft:apple":14,"minecraft:granite":1,"tombstone:bag_of_seeds":1,"minecraft:diorite":4,"tombstone:grave_dust":1,"minecraft:iron_leggings":1,"minecraft:iron_axe":1,"minecraft:iron_pickaxe":2,"minecraft:string":6,"minecraft:white_wool":1,"minecraft:bone":40,"biomesoplenty:toadstool":2,"minecraft:stone_axe":1,"minecraft:iron_nugget":5,"minecraft:cobblestone_wall":2,"alexsmobs:animal_dictionary":2,"minecraft:cobbled_deepslate":7,"tombstone:gift":2,"born_in_chaos_v1:ethereal_spirit":1,"born_in_chaos_v1:smoked_flesh":22,"minecraft:spruce_fence":2,"minecraft:pumpkin_seeds":5,"minecraft:filled_map":2,"minecraft:diamond_sword":3,"supplementaries:flax_seeds":1,"supplementaries:ash":81,"minecraft:gray_terracotta":13,"minecraft:shield":1,"minecraft:gunpowder":2,"minecraft:bundle":2,"minecraft:iron_chestplate":2,"minecraft:beetroot_seeds":10,"born_in_chaos_v1:corpse_maggot":4,"minecraft:spider_eye":4,"pfm:furniture_book":1,"minecraft:wooden_pickaxe":2,"minecraft:stone_pickaxe":2}},"DataVersion":3465}