{"stats":{"minecraft:mined":{"minecraft:hanging_roots":1,"minecraft:deepslate_diamond_ore":2,"minecraft:torch":4,"minecraft:crafting_table":5,"minecraft:granite":1,"minecraft:grass_block":1,"minecraft:spruce_fence":1,"minecraft:copper_ore":8,"minecraft:lapis_ore":6,"minecraft:diorite":3,"minecraft:deepslate_copper_ore":4,"minecraft:spawner":3,"supplementaries:urn":11,"minecraft:furnace":4,"minecraft:iron_ore":51,"minecraft:andesite":2,"minecraft:deepslate_lapis_ore":8,"biomesoplenty:fir_log":12,"minecraft:grass":1,"minecraft:coal_ore":36,"minecraft:deepslate_iron_ore":33,"minecraft:dirt":4,"minecraft:stone":36,"minecraft:deepslate":10,"minecraft:fern":1},"minecraft:used":{"minecraft:stone_pickaxe":48,"minecraft:wooden_pickaxe":24,"minecraft:shield":19,"minecraft:iron_sword":181,"born_in_chaos_v1:fried_maggot":14,"minecraft:rotten_flesh":4,"minecraft:torch":103,"minecraft:dirt":5,"minecraft:crafting_table":5,"supplementaries:bomb":4,"tombstone:bag_of_seeds":2,"born_in_chaos_v1:smoked_flesh":5,"minecraft:apple":5,"minecraft:iron_axe":1,"minecraft:bread":1,"minecraft:iron_pickaxe":143,"minecraft:iron_helmet":1,"minecraft:totem_of_undying":1,"minecraft:stone_axe":16,"minecraft:cobblestone":4,"minecraft:furnace":4},"minecraft:custom":{"minecraft:interact_with_furnace":22,"minecraft:mob_kills":50,"minecraft:interact_with_crafting_table":8,"minecraft:open_barrel":8,"minecraft:damage_dealt_resisted":109,"minecraft:leave_game":3,"minecraft:time_since_death":28277,"minecraft:climb_one_cm":347,"minecraft:time_since_rest":26637,"minecraft:sprint_one_cm":210740,"minecraft:damage_taken":1471,"minecraft:walk_one_cm":176503,"minecraft:damage_blocked_by_shield":606,"minecraft:drop":26,"minecraft:damage_dealt":7918,"minecraft:fly_one_cm":115703,"minecraft:open_chest":8,"minecraft:crouch_one_cm":1693,"minecraft:play_time":54345,"tombstone:undead_killed":24,"minecraft:deaths":2,"minecraft:sneak_time":479,"minecraft:walk_under_water_one_cm":344,"minecraft:jump":755,"minecraft:walk_on_water_one_cm":2026,"minecraft:total_world_time":54345,"minecraft:fall_one_cm":12415},"minecraft:killed":{"born_in_chaos_v1:zombie_lumberjack":1,"minecraft:zombie_villager":1,"born_in_chaos_v1:baby_skeleton":1,"minecraft:spider":5,"born_in_chaos_v1:decrepit_skeleton":3,"born_in_chaos_v1:maggot":7,"minecraft:skeleton":6,"minecraft:zombie":12,"born_in_chaos_v1:dread_hound":2,"born_in_chaos_v1:corpse_fly":8},"minecraft:crafted":{"minecraft:crafting_table":1,"minecraft:wooden_pickaxe":1,"minecraft:iron_helmet":1,"minecraft:furnace":2,"minecraft:stone_axe":1,"minecraft:air":0,"biomesoplenty:fir_planks":44,"minecraft:iron_boots":1,"minecraft:iron_chestplate":1,"minecraft:shield":1,"minecraft:iron_axe":1,"born_in_chaos_v1:fried_maggot":14,"minecraft:stick":48,"minecraft:iron_ingot":34,"minecraft:iron_pickaxe":1,"minecraft:stone_pickaxe":1,"minecraft:iron_leggings":1,"minecraft:torch":112},"minecraft:dropped":{"biomesoplenty:toadstool":2,"minecraft:stone_axe":1,"alexsmobs:animal_dictionary":2,"born_in_chaos_v1:fried_maggot":1,"minecraft:cobbled_deepslate":6,"minecraft:diamond":1,"minecraft:spruce_fence":2,"tombstone:bag_of_seeds":1,"minecraft:gunpowder":1,"minecraft:diorite":3,"minecraft:bundle":2,"pfm:furniture_book":1,"minecraft:spider_eye":4,"minecraft:wooden_pickaxe":2,"minecraft:stone_pickaxe":2,"minecraft:string":3},"minecraft:picked_up":{"born_in_chaos_v1:corpse_maggot":14,"minecraft:crafting_table":5,"minecraft:andesite":2,"minecraft:wooden_pickaxe":1,"biomesoplenty:fir_log":11,"paraglider:spirit_orb":4,"minecraft:gunpowder":4,"minecraft:dirt":5,"minecraft:lapis_lazuli":94,"minecraft:string":3,"minecraft:raw_copper":52,"minecraft:bone":26,"minecraft:apple":1,"supplementaries:bomb":4,"minecraft:cobbled_deepslate":16,"minecraft:stone_pickaxe":1,"tombstone:bag_of_seeds":2,"minecraft:furnace":4,"biomesoplenty:toadstool":2,"minecraft:raw_iron":88,"born_in_chaos_v1:shattered_skull":1,"minecraft:torch":9,"minecraft:spruce_fence":2,"tombstone:grave_dust":2,"minecraft:diorite":3,"alexsmobs:animal_dictionary":1,"minecraft:spider_eye":4,"minecraft:bundle":4,"born_in_chaos_v1:fried_maggot":1,"minecraft:arrow":11,"minecraft:rotten_flesh":22,"minecraft:diamond":2,"minecraft:granite":1,"minecraft:bread":1,"supplementaries:ash":28,"minecraft:coal":50,"minecraft:cobblestone":35}},"DataVersion":3465}