{"stats":{"minecraft:picked_up":{"minecraft:iron_chestplate":2,"minecraft:wheat":5,"minecraft:smithing_table":1,"minecraft:diamond_sword":3,"minecraft:string":19,"minecraft:raw_copper":214,"minecraft:cooked_salmon":6,"biomesoplenty:yellow_autumn_sapling":8,"minecraft:iron_leggings":1,"minecraft:oak_sign":1,"minecraft:cobbled_deepslate":45,"biomesoplenty:fir_planks":1,"minecraft:rose_bush":6,"minecraft:iron_pickaxe":2,"minecraft:iron_boots":2,"minecraft:mangrove_log":1,"minecraft:furnace":4,"minecraft:stick":10,"born_in_chaos_v1:shattered_skull":3,"born_in_chaos_v1:phantom_powder":5,"minecraft:torch":17,"minecraft:acacia_log":11,"minecraft:porkchop":8,"tacz:attachment":5,"minecraft:cherry_log":2,"tombstone:grave_dust":7,"minecraft:diorite":9,"born_in_chaos_v1:nightmare_claw":2,"born_in_chaos_v1:fried_maggot":1,"minecraft:rotten_flesh":102,"supplementaries:ash":96,"minecraft:cobblestone":72,"minecraft:birch_log":41,"minecraft:feather":7,"minecraft:lilac":3,"minecraft:iron_door":1,"minecraft:andesite":2,"minecraft:smoker":1,"minecraft:potato":340,"biomesoplenty:fir_log":83,"paraglider:spirit_orb":24,"minecraft:tuff":4,"supplementaries:flax_seeds":4,"minecraft:lapis_lazuli":94,"minecraft:dirt":25,"born_in_chaos_v1:monster_skin":8,"minecraft:bone":101,"tetra:scroll_rolled":1,"minecraft:bow":3,"minecraft:gray_terracotta":13,"minecraft:wheat_seeds":10,"minecraft:raw_gold":2,"minecraft:mossy_stone_bricks":1,"minecraft:diamond_helmet":1,"tacz:gun_smith_table":2,"minecraft:oak_planks":4,"biomesoplenty:toadstool":2,"sophisticatedbackpacks:iron_backpack":1,"minecraft:dark_oak_log":1,"alexsmobs:animal_dictionary":1,"minecraft:bundle":5,"minecraft:light_gray_terracotta":2,"minecraft:diamond":13,"minecraft:granite":1,"minecraft:emerald":6,"minecraft:bread":1,"minecraft:oak_sapling":1,"minecraft:chorus_fruit":1,"minecraft:crafting_table":5,"minecraft:charcoal":5,"born_in_chaos_v1:diamond_termite_shard":3,"minecraft:chicken":8,"born_in_chaos_v1:seedof_chaos":3,"minecraft:wooden_pickaxe":1,"minecraft:chain":2,"minecraft:iron_axe":1,"tacz:ammo":405,"supplementaries:bomb":4,"minecraft:beef":4,"born_in_chaos_v1:gnawed_bones":3,"minecraft:iron_nugget":37,"minecraft:raw_iron":131,"minecraft:spruce_fence":3,"born_in_chaos_v1:pieceofdarkmetal":4,"minecraft:carrot":1,"minecraft:arrow":28,"minecraft:beetroot_seeds":10,"minecraft:hay_block":4,"minecraft:mutton":10,"minecraft:white_wool":6,"born_in_chaos_v1:fused_bone":3,"born_in_chaos_v1:corpse_maggot":33,"born_in_chaos_v1:monster_flesh":9,"minecraft:leather":2,"minecraft:filled_map":1,"minecraft:oak_log":1,"minecraft:gunpowder":24,"minecraft:cobblestone_wall":3,"minecraft:apple":16,"minecraft:stone_bricks":2,"minecraft:iron_ingot":27,"minecraft:stone_pickaxe":1,"tombstone:bag_of_seeds":2,"minecraft:acacia_sapling":1,"sophisticatedbackpacks:diamond_backpack":1,"born_in_chaos_v1:ethereal_spirit":9,"minecraft:gravel":3,"minecraft:blast_furnace":1,"minecraft:white_bed":2,"minecraft:spruce_log":8,"minecraft:spider_eye":9,"biomesoplenty:maple_sapling":1,"minecraft:slime_ball":6,"tacz:modern_kinetic_gun":2,"tombstone:magic_scroll":1,"minecraft:baked_potato":6,"minecraft:black_wool":1,"minecraft:coal":140,"minecraft:sunflower":1},"minecraft:used":{"minecraft:chest":1,"minecraft:shield":83,"minecraft:iron_sword":297,"minecraft:rotten_flesh":4,"minecraft:iron_chestplate":1,"minecraft:mutton":7,"simplyswords:gold_katana":33,"born_in_chaos_v1:corpse_maggot":5,"born_in_chaos_v1:smoked_flesh":51,"minecraft:iron_helmet":1,"minecraft:bow":36,"minecraft:hay_block":3,"minecraft:furnace":6,"minecraft:potato":164,"minecraft:mangrove_planks":4,"minecraft:stone_pickaxe":48,"minecraft:oak_planks":4,"minecraft:wooden_pickaxe":24,"minecraft:diamond_axe":136,"minecraft:blast_furnace":1,"born_in_chaos_v1:monster_flesh":3,"minecraft:bread":12,"born_in_chaos_v1:smoked_monster_flesh":3,"minecraft:diamond_sword":493,"minecraft:bone_meal":75,"tacz:gun_smith_table":3,"minecraft:cooked_salmon":8,"born_in_chaos_v1:fried_maggot":14,"minecraft:cooked_chicken":5,"minecraft:torch":222,"minecraft:dirt":24,"minecraft:anvil":1,"minecraft:iron_axe":146,"minecraft:totem_of_undying":1,"minecraft:gunpowder":1,"tombstone:gift":3,"minecraft:iron_ore":10,"minecraft:baked_potato":70,"tombstone:scroll_of_feather_fall":2,"minecraft:crafting_table":6,"supplementaries:bomb":4,"minecraft:white_bed":3,"tombstone:tablet_of_home":2,"minecraft:smoker":2,"tombstone:bag_of_seeds":2,"minecraft:apple":37,"minecraft:iron_pickaxe":453,"tombstone:magic_scroll":2,"minecraft:stone_axe":16,"minecraft:cobblestone":10},"minecraft:broken":{"minecraft:iron_boots":1,"minecraft:iron_sword":1,"simplyswords:gold_katana":1,"minecraft:iron_axe":1},"minecraft:custom":{"minecraft:interact_with_crafting_table":39,"minecraft:open_barrel":24,"minecraft:leave_game":5,"minecraft:time_since_death":45841,"minecraft:sprint_one_cm":1751776,"minecraft:damage_blocked_by_shield":3992,"minecraft:drop":122,"minecraft:talked_to_villager":3,"minecraft:play_time":402882,"minecraft:deaths":14,"minecraft:jump":5971,"minecraft:walk_on_water_one_cm":37413,"minecraft:enchant_item":5,"minecraft:interact_with_furnace":113,"minecraft:sleep_in_bed":4,"tombstone:sneak_grave":6,"minecraft:damage_dealt":37188,"minecraft:crouch_one_cm":3888,"tombstone:undead_killed":123,"minecraft:interact_with_smoker":30,"minecraft:mob_kills":314,"minecraft:interact_with_anvil":7,"minecraft:damage_dealt_resisted":4422,"minecraft:climb_one_cm":18080,"minecraft:walk_one_cm":1344970,"minecraft:damage_dealt_absorbed":1985,"minecraft:sneak_time":1717,"minecraft:walk_under_water_one_cm":13878,"minecraft:interact_with_blast_furnace":6,"minecraft:total_world_time":402882,"tombstone:raider_killed":2,"minecraft:time_since_rest":3514,"minecraft:damage_taken":11182,"minecraft:damage_absorbed":51,"tombstone:cast_on_ally":2,"minecraft:swim_one_cm":61131,"minecraft:fly_one_cm":1070341,"minecraft:freezer_opened":2,"minecraft:open_chest":55,"minecraft:fall_one_cm":125228},"minecraft:mined":{"minecraft:spruce_planks":2,"minecraft:white_bed":2,"minecraft:jungle_leaves":1,"minecraft:granite":1,"minecraft:acacia_log":8,"minecraft:grass_block":4,"tacz:gun_smith_table":1,"minecraft:spawner":13,"minecraft:iron_ore":80,"minecraft:fire":1,"minecraft:deepslate_lapis_ore":8,"minecraft:oak_sign":1,"biomesoplenty:webbing":2,"minecraft:gray_terracotta":21,"minecraft:smoker":1,"minecraft:torch":7,"minecraft:light_gray_terracotta":3,"minecraft:blast_furnace":1,"minecraft:white_stained_glass_pane":7,"minecraft:oak_planks":6,"minecraft:iron_door":1,"minecraft:wall_torch":4,"minecraft:deepslate_copper_ore":4,"minecraft:birch_log":39,"minecraft:wheat":1,"minecraft:lilac":4,"biomesoplenty:fir_log":81,"minecraft:grass":19,"minecraft:oak_log":1,"minecraft:dirt":8,"minecraft:oak_leaves":3,"minecraft:deepslate":20,"minecraft:light_blue_stained_glass_pane":1,"minecraft:tuff":4,"minecraft:blue_stained_glass_pane":6,"minecraft:deepslate_diamond_ore":12,"born_in_chaos_v1:infected_diamond_ore":3,"minecraft:gray_stained_glass_pane":2,"minecraft:glow_lichen":1,"minecraft:spruce_fence":2,"minecraft:white_stained_glass":1,"minecraft:large_fern":1,"minecraft:hay_block":4,"minecraft:furnace":4,"minecraft:andesite":2,"supplementaries:gunpowder":1,"minecraft:potatoes":157,"minecraft:deepslate_iron_ore":49,"biomesoplenty:barley":6,"minecraft:stone":69,"minecraft:smithing_table":1,"minecraft:acacia_leaves":2,"minecraft:hanging_roots":1,"minecraft:crafting_table":5,"minecraft:copper_ore":52,"biomesoplenty:sprout":12,"minecraft:lapis_ore":6,"minecraft:deepslate_gold_ore":2,"minecraft:diorite":9,"supplementaries:urn":34,"minecraft:cobblestone_wall":2,"minecraft:spruce_log":8,"minecraft:white_wall_banner":1,"minecraft:coal_ore":127,"biomesoplenty:fir_leaves":3,"minecraft:gravel":1,"minecraft:cobweb":1,"minecraft:stone_bricks":2,"minecraft:mossy_stone_bricks":1,"minecraft:fern":51},"minecraft:crafted":{"minecraft:cooked_chicken":5,"minecraft:cooked_mutton":2,"minecraft:diamond_helmet":1,"minecraft:iron_boots":3,"minecraft:chest":1,"minecraft:smoker":1,"minecraft:diamond_axe":1,"minecraft:crafting_table":1,"minecraft:spruce_planks":32,"minecraft:iron_helmet":2,"minecraft:wooden_pickaxe":1,"minecraft:baked_potato":97,"minecraft:copper_ingot":107,"minecraft:birch_planks":36,"biomesoplenty:fir_planks":44,"minecraft:iron_chestplate":3,"minecraft:charcoal":44,"minecraft:shield":2,"minecraft:stick":168,"born_in_chaos_v1:smoked_flesh":55,"minecraft:iron_ingot":121,"minecraft:iron_pickaxe":2,"minecraft:iron_block":1,"minecraft:gold_ingot":7,"minecraft:furnace":3,"minecraft:bone_meal":75,"born_in_chaos_v1:smoked_monster_flesh":3,"minecraft:leather":6,"minecraft:iron_axe":1,"born_in_chaos_v1:fried_maggot":14,"minecraft:stone_pickaxe":1,"minecraft:dark_oak_planks":4,"paraglider:paraglider":1,"minecraft:diamond_sword":1,"tacz:gun_smith_table":1,"minecraft:cooked_salmon":2,"minecraft:mangrove_planks":4,"minecraft:stone_axe":1,"minecraft:air":0,"minecraft:iron_leggings":3,"minecraft:white_bed":1,"minecraft:torch":300},"minecraft:killed":{"minecraft:cave_spider":2,"born_in_chaos_v1:restless_spirit":2,"born_in_chaos_v1:zombie_lumberjack":4,"minecraft:spider":16,"born_in_chaos_v1:siamese_skeletonsright":2,"born_in_chaos_v1:scarlet_persecutor":5,"minecraft:skeleton":26,"minecraft:chicken":7,"born_in_chaos_v1:bonescaller":1,"minecraft:pig":5,"alexsmobs:grizzly_bear":1,"minecraft:zombie_villager":1,"born_in_chaos_v1:diamond_termite":3,"minecraft:creeper":24,"minecraft:sheep":6,"minecraft:pillager":2,"minecraft:zombie":64,"born_in_chaos_v1:dread_hound":9,"born_in_chaos_v1:corpse_fly":22,"endofherobrine:chicken":1,"born_in_chaos_v1:door_knight":2,"midnightlurker:midnight_lurker_backturned":1,"minecraft:cow":2,"born_in_chaos_v1:siamese_skeletonsleft":2,"midnightlurker:void_hands":1,"minecraft:slime":11,"born_in_chaos_v1:zombie_bruiser":3,"born_in_chaos_v1:maggot":25,"minecraft:phantom":3,"alexsmobs:blue_jay":4,"born_in_chaos_v1:fallen_chaos_knight":1,"born_in_chaos_v1:baby_skeleton":4,"born_in_chaos_v1:swarmer":2,"minecraft:bat":1,"born_in_chaos_v1:decrepit_skeleton":11,"born_in_chaos_v1:phantom_creeper_copy":1,"born_in_chaos_v1:bloody_gadfly":1,"born_in_chaos_v1:nightmare_stalker":1,"endofherobrine:sheep":4,"minecraft:enderman":2},"minecraft:dropped":{"minecraft:lapis_lazuli":22,"minecraft:baked_potato":6,"born_in_chaos_v1:fried_maggot":1,"minecraft:diamond":1,"tombstone:bag_of_seeds":1,"minecraft:iron_pickaxe":2,"minecraft:white_wool":1,"minecraft:bone":40,"biomesoplenty:toadstool":2,"minecraft:stone_axe":1,"minecraft:cobbled_deepslate":7,"minecraft:iron_nugget":5,"alexsmobs:animal_dictionary":2,"born_in_chaos_v1:ethereal_spirit":2,"tombstone:gift":2,"born_in_chaos_v1:smoked_flesh":22,"supplementaries:flax_seeds":1,"supplementaries:ash":81,"minecraft:gunpowder":2,"minecraft:beetroot_seeds":10,"born_in_chaos_v1:corpse_maggot":4,"minecraft:iron_ingot":5,"minecraft:bread":1,"born_in_chaos_v1:shattered_skull":1,"minecraft:wheat_seeds":3,"minecraft:lilac":3,"minecraft:iron_helmet":1,"minecraft:feather":5,"minecraft:cobblestone":11,"minecraft:apple":14,"minecraft:granite":1,"minecraft:diorite":4,"minecraft:diamond_helmet":1,"tombstone:grave_dust":1,"minecraft:iron_leggings":3,"tacz:modern_kinetic_gun":1,"minecraft:iron_axe":1,"minecraft:string":6,"minecraft:cobblestone_wall":2,"minecraft:tuff":2,"minecraft:iron_boots":3,"minecraft:spruce_fence":2,"minecraft:pumpkin_seeds":5,"minecraft:filled_map":2,"minecraft:diamond_sword":3,"minecraft:gray_terracotta":13,"minecraft:shield":1,"minecraft:bundle":2,"minecraft:iron_chestplate":4,"minecraft:spider_eye":4,"pfm:furniture_book":1,"minecraft:stone_pickaxe":2,"minecraft:wooden_pickaxe":2}},"DataVersion":3465}