{"stats":{"minecraft:mined":{"minecraft:light_blue_stained_glass_pane":1,"minecraft:white_bed":2,"minecraft:blue_stained_glass_pane":5,"minecraft:deepslate_diamond_ore":12,"minecraft:jungle_leaves":1,"minecraft:gray_stained_glass_pane":2,"minecraft:glow_lichen":1,"born_in_chaos_v1:infected_diamond_ore":3,"minecraft:granite":1,"minecraft:spruce_fence":2,"minecraft:grass_block":2,"tacz:gun_smith_table":1,"minecraft:spawner":13,"minecraft:large_fern":1,"minecraft:furnace":4,"minecraft:iron_ore":63,"minecraft:andesite":2,"minecraft:deepslate_lapis_ore":8,"minecraft:potatoes":36,"minecraft:deepslate_iron_ore":49,"biomesoplenty:barley":6,"minecraft:stone":41,"minecraft:gray_terracotta":21,"minecraft:hanging_roots":1,"minecraft:smoker":1,"minecraft:crafting_table":5,"minecraft:torch":5,"minecraft:light_gray_terracotta":3,"minecraft:white_stained_glass_pane":7,"minecraft:copper_ore":8,"biomesoplenty:sprout":5,"minecraft:lapis_ore":6,"minecraft:diorite":3,"minecraft:iron_door":1,"minecraft:wall_torch":1,"minecraft:deepslate_copper_ore":4,"supplementaries:urn":30,"minecraft:birch_log":28,"minecraft:lilac":4,"biomesoplenty:fir_log":12,"minecraft:grass":12,"minecraft:coal_ore":72,"minecraft:gravel":1,"minecraft:dirt":6,"minecraft:cobweb":1,"minecraft:stone_bricks":2,"minecraft:mossy_stone_bricks":1,"minecraft:oak_leaves":3,"minecraft:deepslate":17,"minecraft:fern":47},"minecraft:broken":{"simplyswords:gold_katana":1,"minecraft:iron_boots":1,"minecraft:iron_axe":1,"minecraft:iron_sword":1},"minecraft:used":{"tacz:gun_smith_table":3,"minecraft:chest":1,"minecraft:shield":38,"minecraft:iron_sword":297,"minecraft:cooked_salmon":8,"minecraft:rotten_flesh":4,"born_in_chaos_v1:fried_maggot":14,"minecraft:cooked_chicken":5,"minecraft:torch":202,"minecraft:dirt":21,"simplyswords:gold_katana":33,"born_in_chaos_v1:corpse_maggot":5,"born_in_chaos_v1:smoked_flesh":33,"minecraft:iron_axe":146,"minecraft:iron_helmet":1,"minecraft:totem_of_undying":1,"minecraft:bow":28,"minecraft:furnace":6,"tombstone:gift":3,"minecraft:potato":29,"minecraft:baked_potato":22,"minecraft:stone_pickaxe":48,"minecraft:wooden_pickaxe":24,"minecraft:diamond_axe":14,"tombstone:scroll_of_feather_fall":2,"minecraft:crafting_table":6,"supplementaries:bomb":4,"minecraft:white_bed":2,"tombstone:tablet_of_home":2,"minecraft:smoker":2,"tombstone:bag_of_seeds":2,"minecraft:apple":37,"born_in_chaos_v1:monster_flesh":3,"minecraft:bread":12,"minecraft:iron_pickaxe":280,"tombstone:magic_scroll":2,"born_in_chaos_v1:smoked_monster_flesh":3,"minecraft:stone_axe":16,"minecraft:diamond_sword":191,"minecraft:cobblestone":4,"minecraft:bone_meal":75},"minecraft:custom":{"minecraft:mob_kills":198,"minecraft:interact_with_crafting_table":19,"minecraft:open_barrel":23,"minecraft:damage_dealt_resisted":310,"minecraft:leave_game":3,"minecraft:time_since_death":35074,"minecraft:climb_one_cm":16221,"minecraft:walk_one_cm":872131,"minecraft:sprint_one_cm":1073357,"minecraft:damage_blocked_by_shield":1768,"minecraft:drop":84,"minecraft:damage_dealt_absorbed":1914,"minecraft:talked_to_villager":1,"minecraft:play_time":240345,"minecraft:deaths":9,"minecraft:sneak_time":1091,"minecraft:walk_under_water_one_cm":9075,"minecraft:jump":3941,"minecraft:walk_on_water_one_cm":23341,"minecraft:enchant_item":5,"minecraft:total_world_time":240345,"minecraft:interact_with_furnace":77,"minecraft:sleep_in_bed":1,"minecraft:time_since_rest":34655,"minecraft:damage_taken":6974,"minecraft:damage_absorbed":51,"minecraft:damage_dealt":24031,"tombstone:cast_on_ally":2,"minecraft:swim_one_cm":45469,"minecraft:fly_one_cm":672017,"minecraft:open_chest":41,"minecraft:crouch_one_cm":2649,"tombstone:undead_killed":68,"minecraft:interact_with_smoker":18,"minecraft:fall_one_cm":73519},"minecraft:crafted":{"minecraft:cooked_chicken":5,"minecraft:furnace":3,"minecraft:bone_meal":75,"born_in_chaos_v1:smoked_monster_flesh":3,"minecraft:diamond_helmet":1,"minecraft:iron_boots":2,"minecraft:iron_axe":1,"born_in_chaos_v1:fried_maggot":14,"minecraft:stone_pickaxe":1,"minecraft:chest":1,"minecraft:smoker":1,"minecraft:diamond_sword":1,"minecraft:diamond_axe":1,"minecraft:crafting_table":1,"minecraft:baked_potato":22,"minecraft:wooden_pickaxe":1,"minecraft:iron_helmet":1,"tacz:gun_smith_table":1,"minecraft:cooked_salmon":2,"minecraft:copper_ingot":48,"minecraft:birch_planks":28,"minecraft:stone_axe":1,"minecraft:air":0,"biomesoplenty:fir_planks":44,"minecraft:iron_chestplate":2,"minecraft:charcoal":13,"minecraft:shield":1,"minecraft:stick":104,"minecraft:iron_pickaxe":2,"born_in_chaos_v1:smoked_flesh":55,"minecraft:iron_ingot":94,"minecraft:iron_block":1,"minecraft:iron_leggings":2,"minecraft:torch":196},"minecraft:killed":{"born_in_chaos_v1:restless_spirit":1,"born_in_chaos_v1:zombie_lumberjack":1,"minecraft:spider":9,"minecraft:slime":11,"born_in_chaos_v1:siamese_skeletonsright":1,"born_in_chaos_v1:zombie_bruiser":1,"born_in_chaos_v1:scarlet_persecutor":4,"born_in_chaos_v1:maggot":23,"minecraft:skeleton":15,"minecraft:chicken":3,"born_in_chaos_v1:bonescaller":1,"alexsmobs:grizzly_bear":1,"born_in_chaos_v1:swarmer":1,"born_in_chaos_v1:diamond_termite":3,"minecraft:zombie_villager":1,"born_in_chaos_v1:baby_skeleton":3,"minecraft:creeper":9,"born_in_chaos_v1:decrepit_skeleton":5,"minecraft:sheep":6,"born_in_chaos_v1:phantom_creeper_copy":1,"born_in_chaos_v1:bloody_gadfly":1,"minecraft:zombie":38,"born_in_chaos_v1:dread_hound":8,"born_in_chaos_v1:corpse_fly":15,"endofherobrine:chicken":1,"endofherobrine:sheep":4,"midnightlurker:midnight_lurker_backturned":1,"minecraft:cow":2,"minecraft:enderman":1,"born_in_chaos_v1:siamese_skeletonsleft":1},"minecraft:dropped":{"minecraft:bread":1,"minecraft:iron_ingot":5,"born_in_chaos_v1:shattered_skull":1,"minecraft:wheat_seeds":3,"minecraft:lapis_lazuli":22,"minecraft:lilac":3,"born_in_chaos_v1:fried_maggot":1,"minecraft:diamond":1,"minecraft:feather":5,"minecraft:cobblestone":11,"minecraft:apple":14,"minecraft:granite":1,"tombstone:bag_of_seeds":1,"minecraft:diorite":4,"tombstone:grave_dust":1,"minecraft:iron_leggings":1,"minecraft:iron_axe":1,"minecraft:iron_pickaxe":1,"minecraft:string":6,"minecraft:white_wool":1,"minecraft:bone":40,"biomesoplenty:toadstool":2,"minecraft:stone_axe":1,"minecraft:cobblestone_wall":2,"alexsmobs:animal_dictionary":2,"minecraft:cobbled_deepslate":7,"born_in_chaos_v1:ethereal_spirit":1,"tombstone:gift":2,"born_in_chaos_v1:smoked_flesh":7,"minecraft:spruce_fence":2,"minecraft:pumpkin_seeds":5,"minecraft:diamond_sword":3,"supplementaries:flax_seeds":1,"supplementaries:ash":81,"minecraft:gray_terracotta":13,"minecraft:gunpowder":2,"minecraft:bundle":2,"minecraft:iron_chestplate":2,"minecraft:beetroot_seeds":10,"born_in_chaos_v1:corpse_maggot":4,"minecraft:spider_eye":4,"pfm:furniture_book":1,"minecraft:stone_pickaxe":2,"minecraft:wooden_pickaxe":2},"minecraft:picked_up":{"minecraft:iron_chestplate":1,"minecraft:charcoal":5,"born_in_chaos_v1:diamond_termite_shard":3,"minecraft:crafting_table":5,"minecraft:wheat":4,"minecraft:chicken":5,"born_in_chaos_v1:seedof_chaos":2,"minecraft:diamond_sword":3,"minecraft:wooden_pickaxe":1,"minecraft:chain":2,"minecraft:cooked_salmon":6,"minecraft:raw_copper":52,"minecraft:string":11,"minecraft:iron_axe":1,"biomesoplenty:yellow_autumn_sapling":6,"tacz:ammo":90,"supplementaries:bomb":4,"minecraft:cobbled_deepslate":42,"biomesoplenty:fir_planks":1,"minecraft:beef":4,"born_in_chaos_v1:gnawed_bones":3,"minecraft:iron_nugget":32,"minecraft:furnace":4,"minecraft:stick":2,"minecraft:raw_iron":115,"born_in_chaos_v1:shattered_skull":2,"born_in_chaos_v1:phantom_powder":5,"minecraft:torch":12,"minecraft:spruce_fence":3,"tombstone:grave_dust":5,"minecraft:diorite":3,"born_in_chaos_v1:pieceofdarkmetal":2,"born_in_chaos_v1:fried_maggot":1,"minecraft:arrow":21,"minecraft:rotten_flesh":56,"minecraft:beetroot_seeds":10,"supplementaries:ash":81,"minecraft:mutton":10,"minecraft:white_wool":4,"minecraft:cobblestone":39,"born_in_chaos_v1:fused_bone":1,"minecraft:birch_log":28,"born_in_chaos_v1:corpse_maggot":31,"minecraft:feather":5,"minecraft:lilac":3,"born_in_chaos_v1:monster_flesh":8,"minecraft:iron_door":1,"minecraft:andesite":2,"minecraft:leather":2,"minecraft:smoker":1,"minecraft:potato":84,"biomesoplenty:fir_log":22,"paraglider:spirit_orb":24,"minecraft:tuff":2,"supplementaries:flax_seeds":1,"minecraft:cobblestone_wall":2,"minecraft:gunpowder":9,"minecraft:lapis_lazuli":94,"minecraft:dirt":21,"born_in_chaos_v1:monster_skin":2,"tetra:scroll_rolled":1,"minecraft:bone":80,"minecraft:apple":15,"minecraft:stone_bricks":2,"minecraft:gray_terracotta":13,"minecraft:bow":2,"minecraft:wheat_seeds":5,"minecraft:iron_ingot":23,"minecraft:stone_pickaxe":1,"tombstone:bag_of_seeds":2,"minecraft:mossy_stone_bricks":1,"tacz:gun_smith_table":2,"sophisticatedbackpacks:diamond_backpack":1,"biomesoplenty:toadstool":2,"born_in_chaos_v1:ethereal_spirit":4,"minecraft:gravel":3,"minecraft:white_bed":2,"minecraft:spider_eye":7,"alexsmobs:animal_dictionary":1,"minecraft:bundle":5,"minecraft:light_gray_terracotta":2,"minecraft:slime_ball":6,"minecraft:diamond":13,"tacz:modern_kinetic_gun":1,"minecraft:granite":1,"minecraft:emerald":6,"minecraft:bread":1,"minecraft:baked_potato":6,"tombstone:magic_scroll":1,"minecraft:black_wool":1,"minecraft:coal":87}},"DataVersion":3465}