{"stats":{"minecraft:mined":{"minecraft:deepslate_diamond_ore":2,"born_in_chaos_v1:infected_diamond_ore":1,"minecraft:granite":1,"minecraft:spruce_fence":1,"minecraft:grass_block":1,"minecraft:spawner":3,"minecraft:large_fern":1,"minecraft:furnace":4,"minecraft:iron_ore":63,"minecraft:andesite":2,"minecraft:deepslate_lapis_ore":8,"minecraft:deepslate_iron_ore":46,"biomesoplenty:barley":6,"minecraft:stone":41,"minecraft:hanging_roots":1,"minecraft:smoker":1,"minecraft:crafting_table":5,"minecraft:torch":4,"minecraft:copper_ore":8,"minecraft:lapis_ore":6,"minecraft:diorite":3,"minecraft:deepslate_copper_ore":4,"supplementaries:urn":24,"minecraft:birch_log":28,"biomesoplenty:fir_log":12,"minecraft:grass":7,"minecraft:coal_ore":72,"minecraft:gravel":1,"minecraft:dirt":4,"minecraft:deepslate":11,"minecraft:fern":45},"minecraft:broken":{"minecraft:iron_sword":1},"minecraft:used":{"tacz:gun_smith_table":1,"minecraft:chest":1,"minecraft:shield":29,"minecraft:iron_sword":297,"minecraft:cooked_salmon":5,"minecraft:rotten_flesh":4,"born_in_chaos_v1:fried_maggot":14,"minecraft:cooked_chicken":5,"minecraft:torch":150,"minecraft:dirt":5,"born_in_chaos_v1:smoked_flesh":12,"minecraft:iron_axe":69,"minecraft:iron_helmet":1,"minecraft:totem_of_undying":1,"minecraft:furnace":6,"minecraft:stone_pickaxe":48,"minecraft:wooden_pickaxe":24,"minecraft:crafting_table":6,"supplementaries:bomb":4,"minecraft:smoker":1,"tombstone:bag_of_seeds":2,"minecraft:apple":5,"minecraft:bread":1,"minecraft:iron_pickaxe":214,"minecraft:stone_axe":16,"minecraft:cobblestone":4},"minecraft:custom":{"minecraft:mob_kills":84,"minecraft:interact_with_crafting_table":12,"minecraft:open_barrel":8,"minecraft:damage_dealt_resisted":109,"minecraft:leave_game":3,"minecraft:time_since_death":64277,"minecraft:climb_one_cm":347,"minecraft:walk_one_cm":297964,"minecraft:sprint_one_cm":349067,"minecraft:damage_blocked_by_shield":971,"minecraft:drop":45,"minecraft:play_time":90345,"minecraft:deaths":2,"minecraft:sneak_time":544,"minecraft:walk_under_water_one_cm":1401,"minecraft:jump":1285,"minecraft:walk_on_water_one_cm":7632,"minecraft:total_world_time":90345,"minecraft:interact_with_furnace":56,"minecraft:time_since_rest":62637,"minecraft:damage_taken":1993,"minecraft:damage_dealt":12080,"minecraft:swim_one_cm":16607,"minecraft:fly_one_cm":186694,"minecraft:open_chest":10,"minecraft:crouch_one_cm":1694,"tombstone:undead_killed":39,"minecraft:interact_with_smoker":11,"minecraft:fall_one_cm":21474},"minecraft:crafted":{"minecraft:cooked_chicken":5,"minecraft:furnace":3,"born_in_chaos_v1:smoked_monster_flesh":3,"minecraft:iron_boots":1,"minecraft:iron_axe":1,"born_in_chaos_v1:fried_maggot":14,"minecraft:stone_pickaxe":1,"minecraft:chest":1,"minecraft:smoker":1,"minecraft:crafting_table":1,"minecraft:wooden_pickaxe":1,"minecraft:iron_helmet":1,"tacz:gun_smith_table":1,"minecraft:copper_ingot":41,"minecraft:birch_planks":28,"minecraft:stone_axe":1,"minecraft:air":0,"biomesoplenty:fir_planks":44,"minecraft:iron_chestplate":1,"minecraft:charcoal":13,"minecraft:shield":1,"minecraft:stick":104,"minecraft:iron_pickaxe":1,"born_in_chaos_v1:smoked_flesh":25,"minecraft:iron_ingot":89,"minecraft:iron_block":1,"minecraft:iron_leggings":1,"minecraft:torch":180},"minecraft:killed":{"born_in_chaos_v1:zombie_lumberjack":1,"minecraft:spider":6,"born_in_chaos_v1:siamese_skeletonsright":1,"born_in_chaos_v1:zombie_bruiser":1,"born_in_chaos_v1:maggot":14,"minecraft:skeleton":9,"minecraft:chicken":3,"born_in_chaos_v1:diamond_termite":2,"minecraft:zombie_villager":1,"born_in_chaos_v1:baby_skeleton":2,"minecraft:creeper":1,"born_in_chaos_v1:decrepit_skeleton":5,"minecraft:zombie":18,"born_in_chaos_v1:dread_hound":5,"born_in_chaos_v1:corpse_fly":8,"endofherobrine:chicken":1,"midnightlurker:midnight_lurker_backturned":1,"born_in_chaos_v1:siamese_skeletonsleft":1},"minecraft:dropped":{"minecraft:iron_ingot":5,"born_in_chaos_v1:shattered_skull":1,"minecraft:wheat_seeds":3,"born_in_chaos_v1:fried_maggot":1,"minecraft:diamond":1,"minecraft:feather":5,"minecraft:cobblestone":11,"minecraft:granite":1,"tombstone:bag_of_seeds":1,"minecraft:diorite":4,"minecraft:iron_axe":1,"minecraft:string":3,"minecraft:bone":32,"biomesoplenty:toadstool":2,"minecraft:stone_axe":1,"alexsmobs:animal_dictionary":2,"minecraft:cobbled_deepslate":7,"tombstone:gift":1,"minecraft:spruce_fence":2,"minecraft:pumpkin_seeds":5,"supplementaries:ash":28,"minecraft:gunpowder":1,"minecraft:bundle":2,"minecraft:beetroot_seeds":10,"minecraft:spider_eye":4,"pfm:furniture_book":1,"minecraft:stone_pickaxe":2,"minecraft:wooden_pickaxe":2},"minecraft:picked_up":{"minecraft:charcoal":5,"born_in_chaos_v1:diamond_termite_shard":2,"minecraft:crafting_table":5,"minecraft:chicken":5,"minecraft:wooden_pickaxe":1,"minecraft:cooked_salmon":6,"minecraft:raw_copper":52,"minecraft:string":4,"minecraft:iron_axe":1,"biomesoplenty:yellow_autumn_sapling":6,"tacz:ammo":45,"supplementaries:bomb":4,"minecraft:cobbled_deepslate":17,"biomesoplenty:fir_planks":1,"minecraft:iron_nugget":32,"minecraft:furnace":4,"minecraft:stick":2,"minecraft:raw_iron":111,"born_in_chaos_v1:shattered_skull":2,"minecraft:torch":9,"minecraft:spruce_fence":2,"tombstone:grave_dust":4,"minecraft:diorite":3,"born_in_chaos_v1:pieceofdarkmetal":2,"born_in_chaos_v1:fried_maggot":1,"minecraft:arrow":14,"minecraft:rotten_flesh":32,"minecraft:beetroot_seeds":10,"supplementaries:ash":57,"minecraft:cobblestone":39,"born_in_chaos_v1:fused_bone":1,"minecraft:birch_log":28,"born_in_chaos_v1:corpse_maggot":19,"minecraft:feather":5,"born_in_chaos_v1:monster_flesh":3,"minecraft:andesite":2,"minecraft:smoker":1,"biomesoplenty:fir_log":22,"paraglider:spirit_orb":4,"supplementaries:flax_seeds":1,"minecraft:gunpowder":4,"minecraft:lapis_lazuli":94,"minecraft:dirt":5,"born_in_chaos_v1:monster_skin":1,"minecraft:bone":73,"minecraft:apple":1,"minecraft:bow":1,"minecraft:wheat_seeds":2,"minecraft:iron_ingot":1,"minecraft:stone_pickaxe":1,"tombstone:bag_of_seeds":2,"biomesoplenty:toadstool":2,"minecraft:gravel":3,"minecraft:spider_eye":5,"alexsmobs:animal_dictionary":1,"minecraft:bundle":5,"minecraft:diamond":3,"tacz:modern_kinetic_gun":1,"minecraft:granite":1,"minecraft:emerald":6,"minecraft:bread":1,"tombstone:magic_scroll":1,"minecraft:coal":86}},"DataVersion":3465}