{"stats":{"minecraft:mined":{"minecraft:crafting_table":4,"minecraft:grass_block":1,"minecraft:cobblestone":2,"biomesoplenty:sprout":2,"minecraft:deepslate_gold_ore":4,"minecraft:wall_torch":2,"minecraft:deepslate_copper_ore":7,"minecraft:iron_ore":10,"biomesoplenty:fir_log":39,"minecraft:grass":8,"minecraft:coal_ore":15,"minecraft:deepslate_iron_ore":4,"minecraft:gravel":2,"minecraft:dirt":1,"minecraft:cracked_stone_bricks":1,"minecraft:stone":23,"minecraft:stone_bricks":3,"minecraft:deepslate":2,"biomesoplenty:reed":8,"minecraft:fern":12},"minecraft:broken":{"minecraft:wooden_pickaxe":1},"minecraft:used":{"minecraft:stone_sword":18,"minecraft:stone_pickaxe":36,"minecraft:wooden_pickaxe":49,"minecraft:shield":2,"minecraft:cracked_stone_bricks":1,"minecraft:torch":18,"minecraft:crafting_table":5,"minecraft:carrot":2,"minecraft:wooden_axe":5,"minecraft:apple":3,"minecraft:iron_pickaxe":17,"minecraft:stone_axe":35,"minecraft:cobblestone":14,"minecraft:furnace":1,"minecraft:cooked_porkchop":2,"tombstone:gift":1,"biomesoplenty:fir_log":2,"minecraft:cobbled_deepslate":5},"minecraft:custom":{"minecraft:interact_with_furnace":8,"minecraft:mob_kills":11,"minecraft:interact_with_crafting_table":12,"minecraft:leave_game":1,"minecraft:time_since_death":34575,"minecraft:time_since_rest":34098,"minecraft:sprint_one_cm":269524,"minecraft:damage_taken":1524,"minecraft:walk_one_cm":212802,"minecraft:damage_blocked_by_shield":81,"minecraft:drop":13,"minecraft:damage_dealt":1624,"minecraft:fly_one_cm":142800,"minecraft:open_chest":1,"minecraft:crouch_one_cm":3364,"minecraft:play_time":57571,"tombstone:undead_killed":5,"minecraft:deaths":5,"minecraft:sneak_time":1415,"minecraft:walk_under_water_one_cm":7085,"minecraft:jump":813,"minecraft:walk_on_water_one_cm":10456,"minecraft:total_world_time":57571,"minecraft:fall_one_cm":18259},"minecraft:crafted":{"minecraft:cooked_porkchop":2,"minecraft:crafting_table":1,"minecraft:wooden_pickaxe":1,"minecraft:furnace":1,"minecraft:stone_axe":1,"biomesoplenty:fir_planks":48,"minecraft:shield":1,"minecraft:stick":12,"minecraft:iron_ingot":6,"minecraft:iron_pickaxe":1,"minecraft:stone_pickaxe":1,"minecraft:stone_sword":1,"minecraft:torch":12},"minecraft:killed":{"minecraft:pig":2,"born_in_chaos_v1:maggot":2,"minecraft:skeleton":2,"minecraft:zombie":3,"born_in_chaos_v1:corpse_fly":1,"endofherobrine:pigman":1},"minecraft:dropped":{"biomesoplenty:fir_log":11,"minecraft:wooden_pickaxe":2},"minecraft:picked_up":{"born_in_chaos_v1:corpse_maggot":1,"minecraft:crafting_table":4,"minecraft:wooden_pickaxe":2,"minecraft:potato":3,"biomesoplenty:fir_log":39,"minecraft:dirt":2,"minecraft:raw_copper":23,"minecraft:wooden_sword":1,"minecraft:bone":5,"minecraft:stone_bricks":3,"minecraft:cracked_stone_bricks":1,"minecraft:bow":1,"minecraft:wheat_seeds":3,"minecraft:cobbled_deepslate":5,"minecraft:raw_gold":4,"biomesoplenty:toadstool":3,"minecraft:raw_iron":15,"minecraft:smooth_basalt":1,"minecraft:torch":7,"minecraft:gravel":1,"minecraft:porkchop":6,"minecraft:carrot":2,"minecraft:arrow":4,"minecraft:rotten_flesh":4,"tombstone:magic_scroll":1,"minecraft:coal":17,"minecraft:cobblestone":32}},"DataVersion":3465}