{"stats":{"minecraft:mined":{"minecraft:light_blue_stained_glass_pane":1,"minecraft:blue_stained_glass_pane":2,"minecraft:grass_block":2,"born_in_chaos_v1:black_argillite":3,"minecraft:spruce_leaves":1,"tacz:gun_smith_table":5,"minecraft:furnace":8,"minecraft:carrots":1,"minecraft:iron_ore":53,"minecraft:andesite":3,"minecraft:anvil":1,"minecraft:enchanting_table":1,"minecraft:potatoes":50,"minecraft:deepslate_iron_ore":7,"biomesoplenty:barley":4,"minecraft:stone":35,"minecraft:smoker":1,"minecraft:blue_stained_glass":2,"minecraft:crafting_table":5,"minecraft:torch":4,"minecraft:chest":5,"minecraft:copper_ore":11,"minecraft:cobblestone":5,"biomesoplenty:sprout":2,"minecraft:deepslate_gold_ore":11,"minecraft:diorite":1,"minecraft:wall_torch":5,"minecraft:deepslate_copper_ore":7,"minecraft:birch_log":4,"biomesoplenty:fir_log":39,"minecraft:grass":9,"minecraft:coal_ore":17,"minecraft:gravel":2,"minecraft:dirt":2,"minecraft:cracked_stone_bricks":1,"minecraft:stone_bricks":3,"minecraft:gold_ore":5,"minecraft:oak_leaves":6,"minecraft:fern":15,"minecraft:deepslate":7,"biomesoplenty:reed":8},"minecraft:broken":{"minecraft:wooden_pickaxe":1},"minecraft:used":{"minecraft:stone_sword":53,"tacz:gun_smith_table":4,"minecraft:chest":7,"minecraft:shield":58,"minecraft:iron_sword":21,"born_in_chaos_v1:fried_maggot":6,"minecraft:rotten_flesh":4,"minecraft:torch":25,"minecraft:anvil":1,"minecraft:carrot":2,"minecraft:wooden_axe":5,"born_in_chaos_v1:smoked_flesh":7,"minecraft:furnace":11,"tombstone:gift":5,"minecraft:potato":58,"minecraft:cobbled_deepslate":5,"minecraft:baked_potato":15,"minecraft:stone_pickaxe":36,"minecraft:wooden_pickaxe":49,"minecraft:cracked_stone_bricks":1,"minecraft:crafting_table":5,"minecraft:smoker":1,"simplyswords:iron_greathammer":163,"minecraft:apple":3,"minecraft:iron_pickaxe":141,"born_in_chaos_v1:smoked_monster_flesh":7,"minecraft:stone_axe":45,"minecraft:cobblestone":26,"minecraft:cooked_porkchop":2,"biomesoplenty:fir_log":2},"minecraft:custom":{"minecraft:mob_kills":71,"minecraft:interact_with_crafting_table":18,"minecraft:open_barrel":3,"minecraft:damage_dealt_resisted":111,"minecraft:leave_game":2,"minecraft:time_since_death":20079,"minecraft:climb_one_cm":5655,"minecraft:sprint_one_cm":937273,"minecraft:walk_one_cm":787409,"minecraft:damage_blocked_by_shield":3320,"minecraft:drop":46,"minecraft:play_time":208426,"minecraft:deaths":15,"minecraft:sneak_time":2427,"minecraft:walk_under_water_one_cm":9469,"minecraft:jump":3238,"minecraft:walk_on_water_one_cm":23660,"minecraft:total_world_time":208426,"minecraft:interact_with_furnace":62,"tombstone:raider_killed":1,"minecraft:time_since_rest":19831,"minecraft:damage_taken":5464,"minecraft:damage_absorbed":2781,"minecraft:damage_dealt":13109,"minecraft:swim_one_cm":7630,"minecraft:fly_one_cm":573219,"minecraft:open_chest":23,"minecraft:crouch_one_cm":5432,"tombstone:undead_killed":28,"minecraft:interact_with_smoker":4,"minecraft:fall_one_cm":72030},"minecraft:crafted":{"minecraft:furnace":1,"born_in_chaos_v1:smoked_monster_flesh":9,"born_in_chaos_v1:fried_maggot":13,"minecraft:stone_pickaxe":1,"minecraft:chest":2,"minecraft:cooked_porkchop":2,"minecraft:crafting_table":1,"minecraft:wooden_pickaxe":1,"minecraft:baked_potato":23,"minecraft:iron_sword":1,"minecraft:copper_ingot":18,"minecraft:stone_axe":1,"minecraft:air":0,"biomesoplenty:fir_planks":48,"minecraft:iron_chestplate":1,"minecraft:shield":1,"minecraft:stick":16,"minecraft:iron_ingot":53,"minecraft:iron_pickaxe":1,"minecraft:stone_sword":1,"minecraft:torch":12},"minecraft:killed":{"born_in_chaos_v1:zombie_clown":2,"minecraft:witch":1,"born_in_chaos_v1:restless_spirit":1,"minecraft:spider":3,"minecraft:slime":9,"born_in_chaos_v1:baby_skeleton_minion":2,"born_in_chaos_v1:maggot":4,"born_in_chaos_v1:scarlet_persecutor":1,"minecraft:skeleton":5,"minecraft:drowned":1,"minecraft:pig":2,"born_in_chaos_v1:baby_skeleton":3,"minecraft:creeper":4,"born_in_chaos_v1:decrepit_skeleton":4,"minecraft:sheep":2,"alexsmobs:catfish":1,"minecraft:zombie":11,"born_in_chaos_v1:dread_hound":6,"born_in_chaos_v1:corpse_fly":7,"endofherobrine:pigman":1},"minecraft:dropped":{"biomesoplenty:fir_log":11,"minecraft:iron_ingot":22,"born_in_chaos_v1:intoxicating_decoction":1,"born_in_chaos_v1:shattered_skull":1,"minecraft:baked_potato":1,"born_in_chaos_v1:fried_maggot":7,"minecraft:poisonous_potato":1,"tacz:gun_smith_table":1,"paraglider:spirit_orb":4,"tombstone:grave_dust":1,"minecraft:string":2,"minecraft:bone":7,"minecraft:gravel":1,"biomesoplenty:toadstool":3,"minecraft:rotten_flesh":5,"minecraft:potato":54,"minecraft:andesite":2,"born_in_chaos_v1:corpse_maggot":2,"minecraft:spider_eye":1,"minecraft:wooden_pickaxe":2},"minecraft:picked_up":{"minecraft:crafting_table":4,"minecraft:anvil":1,"minecraft:wooden_pickaxe":2,"born_in_chaos_v1:black_argillite":3,"minecraft:string":6,"minecraft:raw_copper":120,"minecraft:wooden_sword":1,"tacz:ammo":60,"minecraft:iron_leggings":1,"born_in_chaos_v1:intoxicating_decoction":3,"minecraft:cracked_stone_bricks":1,"minecraft:gold_nugget":4,"minecraft:cobbled_deepslate":10,"born_in_chaos_v1:gnawed_bones":1,"minecraft:iron_pickaxe":1,"minecraft:chest":5,"minecraft:iron_boots":1,"minecraft:furnace":10,"minecraft:raw_iron":58,"born_in_chaos_v1:shattered_skull":1,"minecraft:torch":15,"minecraft:porkchop":6,"tombstone:grave_dust":1,"minecraft:carrot":2,"minecraft:arrow":5,"minecraft:rotten_flesh":23,"supplementaries:ash":23,"minecraft:mutton":4,"minecraft:white_wool":2,"minecraft:cobblestone":46,"minecraft:enchanting_table":1,"minecraft:birch_log":4,"born_in_chaos_v1:corpse_maggot":8,"minecraft:lilac":3,"born_in_chaos_v1:monster_flesh":2,"minecraft:andesite":2,"minecraft:smoker":1,"minecraft:potato":165,"biomesoplenty:fir_log":39,"paraglider:spirit_orb":4,"minecraft:gunpowder":4,"minecraft:dirt":2,"minecraft:bone":12,"minecraft:stone_bricks":3,"minecraft:bow":1,"minecraft:wheat_seeds":3,"minecraft:raw_gold":16,"born_in_chaos_v1:smoked_flesh":7,"tacz:gun_smith_table":6,"biomesoplenty:toadstool":3,"minecraft:smooth_basalt":1,"born_in_chaos_v1:ethereal_spirit":3,"minecraft:poisonous_potato":1,"minecraft:gravel":3,"simplyswords:iron_greathammer":1,"minecraft:spider_eye":2,"minecraft:slime_ball":7,"tetra:geode":1,"tacz:modern_kinetic_gun":1,"minecraft:iron_helmet":1,"minecraft:emerald":61,"minecraft:baked_potato":1,"tombstone:magic_scroll":2,"minecraft:coal":32}},"DataVersion":3465}