{"stats":{"minecraft:mined":{"biomesoplenty:fir_log":39,"minecraft:crafting_table":4,"minecraft:grass":8,"minecraft:grass_block":1,"minecraft:dirt":1,"minecraft:cracked_stone_bricks":1,"biomesoplenty:sprout":2,"minecraft:stone_bricks":3,"minecraft:stone":5,"minecraft:fern":12,"biomesoplenty:reed":8},"minecraft:broken":{"minecraft:wooden_pickaxe":1},"minecraft:used":{"minecraft:wooden_axe":5,"minecraft:wooden_pickaxe":39,"minecraft:cracked_stone_bricks":1,"minecraft:stone_axe":31,"minecraft:crafting_table":4,"minecraft:cooked_porkchop":2,"minecraft:carrot":2,"tombstone:gift":1},"minecraft:custom":{"minecraft:time_since_rest":10098,"minecraft:interact_with_furnace":3,"minecraft:sprint_one_cm":238195,"minecraft:damage_taken":1310,"minecraft:walk_one_cm":109498,"minecraft:mob_kills":3,"minecraft:damage_dealt":712,"minecraft:interact_with_crafting_table":4,"minecraft:fly_one_cm":121850,"minecraft:open_chest":1,"minecraft:crouch_one_cm":46,"minecraft:play_time":33571,"minecraft:deaths":5,"minecraft:sneak_time":91,"minecraft:walk_under_water_one_cm":7085,"minecraft:jump":497,"minecraft:leave_game":1,"minecraft:time_since_death":10575,"minecraft:walk_on_water_one_cm":10365,"minecraft:total_world_time":33571,"minecraft:fall_one_cm":10637},"minecraft:killed":{"minecraft:pig":2,"endofherobrine:pigman":1},"minecraft:crafted":{"biomesoplenty:fir_planks":48,"minecraft:cooked_porkchop":2,"minecraft:crafting_table":1,"minecraft:stick":12,"minecraft:wooden_pickaxe":1,"minecraft:stone_sword":1,"minecraft:stone_axe":1},"minecraft:picked_up":{"biomesoplenty:toadstool":3,"minecraft:crafting_table":4,"minecraft:torch":4,"minecraft:wooden_pickaxe":1,"minecraft:potato":3,"biomesoplenty:fir_log":39,"minecraft:porkchop":6,"minecraft:carrot":2,"minecraft:dirt":2,"minecraft:wooden_sword":1,"minecraft:bone":4,"minecraft:stone_bricks":3,"minecraft:cracked_stone_bricks":1,"minecraft:wheat_seeds":3,"minecraft:coal":2,"minecraft:cobblestone":5}},"DataVersion":3465}