{"stats":{"minecraft:picked_up":{"minecraft:crafting_table":4,"minecraft:iron_chestplate":1,"minecraft:chicken":4,"minecraft:anvil":1,"minecraft:smithing_table":1,"minecraft:wooden_pickaxe":2,"born_in_chaos_v1:black_argillite":3,"minecraft:string":9,"minecraft:raw_copper":202,"minecraft:wooden_sword":1,"tacz:ammo":240,"minecraft:iron_leggings":2,"born_in_chaos_v1:intoxicating_decoction":3,"minecraft:cracked_stone_bricks":1,"minecraft:gold_nugget":4,"minecraft:cobbled_deepslate":10,"minecraft:rose_bush":1,"born_in_chaos_v1:gnawed_bones":1,"tetra:modular_sword":1,"minecraft:iron_pickaxe":2,"crossbowverhaul:bolt_iron":2,"minecraft:chest":5,"minecraft:iron_boots":2,"minecraft:furnace":11,"minecraft:stick":1,"minecraft:raw_iron":77,"born_in_chaos_v1:shattered_skull":2,"minecraft:torch":15,"minecraft:acacia_log":11,"minecraft:porkchop":14,"tacz:attachment":1,"tombstone:grave_dust":9,"born_in_chaos_v1:pieceofdarkmetal":3,"minecraft:carrot":2,"minecraft:arrow":9,"minecraft:rotten_flesh":52,"minecraft:hay_block":4,"minecraft:polished_blackstone":2,"supplementaries:ash":24,"minecraft:mutton":5,"minecraft:white_wool":3,"minecraft:cobblestone":73,"minecraft:enchanting_table":1,"minecraft:birch_log":7,"born_in_chaos_v1:corpse_maggot":17,"minecraft:feather":5,"minecraft:lilac":3,"born_in_chaos_v1:monster_flesh":5,"minecraft:andesite":5,"minecraft:jungle_log":1,"minecraft:smoker":1,"minecraft:potato":170,"biomesoplenty:fir_log":39,"paraglider:spirit_orb":4,"minecraft:oak_log":14,"minecraft:gunpowder":9,"minecraft:dirt":6,"minecraft:white_banner":2,"minecraft:bone":32,"minecraft:stone_bricks":3,"minecraft:apple":1,"minecraft:bow":2,"minecraft:wheat_seeds":3,"simplyswords:iron_warglaive":1,"minecraft:raw_gold":17,"minecraft:iron_ingot":2,"born_in_chaos_v1:smoked_flesh":7,"tacz:gun_smith_table":6,"minecraft:book":9,"biomesoplenty:toadstool":6,"minecraft:smooth_basalt":1,"born_in_chaos_v1:ethereal_spirit":7,"minecraft:dandelion":2,"minecraft:poisonous_potato":1,"minecraft:gravel":3,"minecraft:blast_furnace":1,"minecraft:white_bed":2,"simplyswords:iron_greathammer":1,"minecraft:dark_oak_log":2,"minecraft:spider_eye":3,"minecraft:bundle":1,"minecraft:slime_ball":7,"tetra:geode":1,"tacz:modern_kinetic_gun":4,"minecraft:iron_helmet":2,"minecraft:granite":2,"minecraft:emerald":61,"minecraft:baked_potato":7,"tombstone:magic_scroll":3,"minecraft:oak_sapling":2,"minecraft:coal":70},"minecraft:used":{"minecraft:stone_sword":53,"tacz:gun_smith_table":4,"simplyswords:iron_warglaive":200,"minecraft:chest":7,"minecraft:shield":61,"minecraft:iron_sword":50,"born_in_chaos_v1:fried_maggot":6,"minecraft:rotten_flesh":4,"minecraft:iron_chestplate":1,"minecraft:torch":49,"minecraft:dirt":4,"minecraft:anvil":1,"tetra:modular_sword":7,"minecraft:carrot":10,"minecraft:wooden_axe":5,"born_in_chaos_v1:smoked_flesh":7,"minecraft:furnace":14,"tombstone:gift":5,"minecraft:potato":84,"minecraft:cobbled_deepslate":5,"minecraft:baked_potato":88,"tetra:modular_shield":24,"minecraft:stone_pickaxe":36,"minecraft:wooden_pickaxe":49,"minecraft:cracked_stone_bricks":1,"minecraft:crafting_table":7,"minecraft:blast_furnace":1,"tetra:modular_double":2,"minecraft:white_bed":2,"minecraft:smoker":1,"simplyswords:iron_greathammer":231,"minecraft:apple":12,"minecraft:bread":7,"minecraft:iron_pickaxe":258,"born_in_chaos_v1:smoked_monster_flesh":9,"minecraft:stone_axe":94,"minecraft:cobblestone":28,"minecraft:cooked_porkchop":3,"biomesoplenty:fir_log":2},"minecraft:broken":{"minecraft:iron_boots":1,"minecraft:iron_chestplate":1,"minecraft:iron_leggings":1,"minecraft:wooden_pickaxe":1,"minecraft:iron_pickaxe":1,"minecraft:iron_helmet":1},"minecraft:custom":{"minecraft:mob_kills":139,"minecraft:interact_with_crafting_table":26,"minecraft:open_barrel":6,"minecraft:damage_dealt_resisted":1073,"minecraft:leave_game":6,"minecraft:time_since_death":73644,"minecraft:climb_one_cm":13181,"minecraft:sprint_one_cm":1841406,"minecraft:walk_one_cm":1356848,"minecraft:damage_blocked_by_shield":4174,"minecraft:drop":62,"minecraft:play_time":373418,"minecraft:sneak_time":3735,"minecraft:deaths":17,"minecraft:walk_under_water_one_cm":12961,"minecraft:jump":5169,"minecraft:interact_with_blast_furnace":9,"minecraft:walk_on_water_one_cm":34987,"minecraft:total_world_time":373418,"minecraft:interact_with_furnace":84,"tombstone:raider_killed":2,"minecraft:sleep_in_bed":1,"minecraft:time_since_rest":27763,"minecraft:damage_absorbed":3724,"minecraft:damage_taken":10056,"minecraft:damage_dealt":26277,"minecraft:swim_one_cm":33663,"minecraft:freezer_opened":2,"minecraft:fly_one_cm":987567,"minecraft:open_chest":52,"minecraft:crouch_one_cm":9554,"tombstone:undead_killed":66,"minecraft:interact_with_smoker":8,"minecraft:fall_one_cm":123906},"minecraft:mined":{"minecraft:light_blue_stained_glass_pane":5,"minecraft:white_bed":2,"minecraft:blue_stained_glass_pane":2,"minecraft:granite":2,"minecraft:acacia_log":5,"minecraft:grass_block":2,"born_in_chaos_v1:black_argillite":3,"minecraft:spruce_leaves":1,"tacz:gun_smith_table":5,"minecraft:hay_block":4,"minecraft:furnace":8,"minecraft:carrots":1,"minecraft:iron_ore":71,"minecraft:fire":6,"minecraft:andesite":6,"minecraft:anvil":1,"minecraft:enchanting_table":1,"minecraft:bookshelf":3,"minecraft:potatoes":50,"minecraft:deepslate_iron_ore":7,"biomesoplenty:barley":4,"minecraft:stone":61,"minecraft:smithing_table":1,"minecraft:glass_pane":2,"minecraft:smoker":1,"minecraft:blue_stained_glass":4,"minecraft:crafting_table":5,"minecraft:torch":4,"minecraft:blast_furnace":1,"minecraft:chest":5,"minecraft:rose_bush":2,"minecraft:white_stained_glass_pane":1,"minecraft:copper_ore":34,"minecraft:cobblestone":5,"biomesoplenty:sprout":2,"minecraft:deepslate_gold_ore":11,"minecraft:diorite":1,"minecraft:wall_torch":5,"minecraft:deepslate_copper_ore":7,"minecraft:birch_log":4,"minecraft:white_wall_banner":1,"biomesoplenty:fir_log":39,"minecraft:grass":15,"minecraft:oak_log":12,"minecraft:coal_ore":55,"minecraft:gravel":2,"minecraft:sunflower":2,"minecraft:dirt":2,"minecraft:cracked_stone_bricks":1,"minecraft:stone_bricks":3,"minecraft:gold_ore":6,"minecraft:oak_leaves":8,"minecraft:deepslate":7,"biomesoplenty:reed":8,"minecraft:fern":16},"minecraft:crafted":{"minecraft:oak_planks":56,"minecraft:furnace":3,"born_in_chaos_v1:smoked_monster_flesh":9,"born_in_chaos_v1:fried_maggot":13,"minecraft:stone_pickaxe":1,"minecraft:chest":2,"tetra:modular_double":1,"minecraft:wheat":36,"minecraft:cooked_porkchop":10,"minecraft:crafting_table":3,"minecraft:wooden_pickaxe":1,"minecraft:baked_potato":87,"minecraft:iron_sword":1,"minecraft:copper_ingot":21,"minecraft:stone_axe":1,"minecraft:air":0,"biomesoplenty:fir_planks":48,"minecraft:iron_chestplate":1,"minecraft:shield":1,"minecraft:stick":32,"minecraft:iron_ingot":60,"minecraft:iron_pickaxe":2,"minecraft:stone_sword":1,"minecraft:torch":44},"minecraft:killed":{"born_in_chaos_v1:zombie_clown":2,"minecraft:witch":1,"born_in_chaos_v1:restless_spirit":5,"born_in_chaos_v1:zombie_lumberjack":4,"born_in_chaos_v1:skeleton_demoman":1,"minecraft:spider":7,"minecraft:slime":9,"born_in_chaos_v1:scarlet_persecutor":1,"born_in_chaos_v1:baby_skeleton_minion":2,"born_in_chaos_v1:maggot":4,"minecraft:skeleton":11,"minecraft:chicken":4,"born_in_chaos_v1:skeleton_thrasher":2,"minecraft:drowned":1,"midnightlurker:midnight_lurker_hider":1,"minecraft:pig":6,"born_in_chaos_v1:baby_skeleton":6,"born_in_chaos_v1:swarmer":1,"minecraft:creeper":7,"born_in_chaos_v1:decrepit_skeleton":5,"minecraft:sheep":3,"alexsmobs:catfish":1,"minecraft:pillager":1,"minecraft:zombie":31,"born_in_chaos_v1:dread_hound":10,"born_in_chaos_v1:corpse_fly":9,"cave_dweller:cave_dweller":1,"endofherobrine:pigman":1},"minecraft:dropped":{"biomesoplenty:fir_log":11,"minecraft:iron_ingot":25,"born_in_chaos_v1:intoxicating_decoction":1,"born_in_chaos_v1:shattered_skull":1,"minecraft:baked_potato":2,"born_in_chaos_v1:fried_maggot":7,"minecraft:poisonous_potato":1,"minecraft:acacia_log":6,"tacz:gun_smith_table":1,"paraglider:spirit_orb":4,"minecraft:stick":1,"tombstone:grave_dust":1,"tacz:modern_kinetic_gun":3,"minecraft:iron_pickaxe":1,"minecraft:string":2,"minecraft:bone":8,"minecraft:gravel":1,"biomesoplenty:toadstool":3,"minecraft:rotten_flesh":5,"minecraft:diamond_sword":1,"tetra:modular_sword":1,"minecraft:potato":54,"crossbowverhaul:bolt_iron":2,"minecraft:andesite":2,"born_in_chaos_v1:corpse_maggot":2,"minecraft:spider_eye":1,"sophisticatedbackpacks:copper_backpack":1,"minecraft:wooden_pickaxe":2,"simplyswords:iron_warglaive":1}},"DataVersion":3465}