{"stats":{"minecraft:dropped":{"minecraft:oak_slab":8,"minecraft:sweet_berries":3,"minecraft:moss_block":3,"minecraft:lilac":4,"minecraft:cobblestone":20,"minecraft:oak_planks":2,"minecraft:acacia_log":4,"minecraft:red_carpet":1,"minecraft:item_frame":2,"minecraft:gunpowder":4,"minecraft:diorite":1,"minecraft:torch":17,"minecraft:spruce_trapdoor":3,"ecologics:coconut_husk":2,"tacz:modern_kinetic_gun":2,"minecraft:armor_stand":2},"minecraft:used":{"minecraft:stone_pickaxe":133,"minecraft:oak_planks":2,"tacz:gun_smith_table":2,"minecraft:chest":1,"minecraft:shield":16,"minecraft:wooden_pickaxe":3,"minecraft:iron_sword":79,"ecologics:coconut_planks":12,"minecraft:torch":62,"minecraft:crafting_table":3,"minecraft:red_bed":1,"minecraft:wooden_axe":62,"minecraft:apple":4,"minecraft:iron_pickaxe":41,"minecraft:iron_axe":4,"minecraft:bread":26,"minecraft:stone_axe":1,"ecologics:coconut_slice":2,"minecraft:furnace":2},"minecraft:mined":{"minecraft:oak_slab":2,"minecraft:red_carpet":1,"ecologics:coconut_planks":12,"minecraft:red_bed":1,"minecraft:torch":10,"minecraft:crafting_table":3,"minecraft:spruce_trapdoor":2,"minecraft:granite":3,"minecraft:chest":1,"minecraft:copper_ore":4,"minecraft:tall_grass":1,"minecraft:cobblestone":1,"minecraft:diorite":1,"ecologics:coconut_log":22,"tacz:gun_smith_table":2,"minecraft:moss_block":1,"minecraft:oak_planks":2,"minecraft:wall_torch":1,"minecraft:red_stained_glass_pane":4,"minecraft:deepslate_copper_ore":2,"minecraft:hay_block":16,"minecraft:redstone_ore":1,"minecraft:iron_ore":32,"minecraft:birch_log":6,"minecraft:fire":2,"minecraft:sweet_berry_bush":1,"minecraft:lilac":2,"minecraft:andesite":19,"minecraft:grass":1,"minecraft:coal_ore":46,"minecraft:deepslate_iron_ore":3,"minecraft:dirt":1,"minecraft:stone":52},"minecraft:crafted":{"minecraft:crafting_table":1,"ecologics:coconut_planks":88,"minecraft:furnace":2,"tacz:gun_smith_table":1,"minecraft:copper_ingot":13,"minecraft:air":0,"minecraft:stone_axe":1,"minecraft:bread":48,"minecraft:stick":40,"minecraft:iron_ingot":34,"minecraft:iron_pickaxe":1,"minecraft:stone_pickaxe":1,"minecraft:iron_block":1,"minecraft:stone_sword":1,"minecraft:torch":64,"minecraft:wheat":144},"minecraft:broken":{"minecraft:wooden_axe":1},"minecraft:custom":{"minecraft:interact_with_furnace":26,"minecraft:mob_kills":26,"tombstone:raider_killed":1,"minecraft:interact_with_crafting_table":12,"minecraft:leave_game":1,"minecraft:damage_dealt_resisted":12,"minecraft:time_since_death":95157,"minecraft:sleep_in_bed":1,"minecraft:climb_one_cm":2164,"minecraft:time_since_rest":58004,"minecraft:sprint_one_cm":319481,"minecraft:damage_taken":1014,"minecraft:walk_one_cm":232780,"minecraft:damage_blocked_by_shield":599,"minecraft:drop":42,"minecraft:damage_dealt":4282,"minecraft:damage_dealt_absorbed":59,"minecraft:swim_one_cm":19314,"minecraft:fly_one_cm":215480,"minecraft:open_chest":14,"minecraft:crouch_one_cm":8099,"minecraft:play_time":95157,"tombstone:undead_killed":12,"minecraft:sneak_time":5509,"minecraft:walk_under_water_one_cm":12577,"minecraft:jump":1219,"minecraft:walk_on_water_one_cm":20158,"minecraft:total_world_time":95157,"minecraft:fall_one_cm":32429},"minecraft:killed":{"minecraft:pig":2,"minecraft:witch":1,"midnightlurker:void_hands":1,"minecraft:creeper":3,"born_in_chaos_v1:maggot":2,"minecraft:skeleton":6,"minecraft:zombie":6,"ecologics:coconut_crab":1,"minecraft:cow":2},"minecraft:picked_up":{"minecraft:birch_log":6,"minecraft:iron_chestplate":1,"minecraft:crafting_table":3,"minecraft:lilac":4,"minecraft:andesite":2,"ecologics:coconut_planks":12,"minecraft:leather":3,"minecraft:wooden_pickaxe":1,"minecraft:shield":1,"minecraft:gunpowder":6,"minecraft:red_bed":1,"minecraft:raw_copper":20,"minecraft:iron_axe":1,"man:cassette_1safetyinstructions":1,"tacz:ammo":60,"minecraft:iron_leggings":2,"minecraft:item_frame":2,"minecraft:armor_stand":2,"minecraft:iron_shovel":1,"minecraft:red_carpet":1,"minecraft:bone":8,"minecraft:apple":4,"minecraft:beef":5,"minecraft:iron_ingot":1,"tacz:gun_smith_table":1,"minecraft:moss_block":3,"minecraft:chest":1,"minecraft:oak_planks":4,"minecraft:iron_sword":1,"minecraft:spruce_trapdoor":3,"minecraft:iron_boots":1,"minecraft:oak_slab":8,"minecraft:raw_iron":34,"ecologics:coconut_slice":2,"minecraft:sweet_berries":3,"minecraft:torch":15,"minecraft:acacia_log":4,"minecraft:porkchop":4,"tacz:attachment":1,"minecraft:diorite":2,"minecraft:redstone":5,"minecraft:arrow":7,"tacz:modern_kinetic_gun":3,"minecraft:iron_helmet":1,"ecologics:coconut_log":22,"minecraft:hay_block":16,"minecraft:crossbow":2,"minecraft:bread":4,"minecraft:baked_potato":1,"minecraft:coal":32,"minecraft:cobblestone":47}},"DataVersion":3465}