{"stats":{"minecraft:used":{"minecraft:chest":7,"minecraft:shield":61,"minecraft:iron_sword":50,"minecraft:rotten_flesh":4,"minecraft:iron_chestplate":1,"minecraft:carrot":10,"born_in_chaos_v1:smoked_flesh":103,"minecraft:iron_helmet":1,"minecraft:furnace":14,"minecraft:potato":84,"minecraft:stone_pickaxe":36,"minecraft:wooden_pickaxe":49,"minecraft:blast_furnace":1,"tetra:modular_double":38,"simplyswords:iron_greathammer":231,"minecraft:bread":20,"born_in_chaos_v1:smoked_monster_flesh":9,"minecraft:stone_sword":53,"tacz:gun_smith_table":4,"simplyswords:iron_warglaive":243,"born_in_chaos_v1:fried_maggot":6,"minecraft:torch":148,"minecraft:dirt":4,"minecraft:anvil":1,"tetra:modular_sword":275,"tetra:scroll_rolled":4,"minecraft:granite":2,"minecraft:wooden_axe":5,"minecraft:iron_axe":14,"minecraft:iron_boots":1,"tombstone:gift":5,"minecraft:cooked_beef":3,"minecraft:cobbled_deepslate":9,"sophisticatedbackpacks:gold_backpack":1,"tetra:modular_shield":79,"minecraft:baked_potato":95,"minecraft:cracked_stone_bricks":1,"minecraft:crafting_table":9,"minecraft:white_bed":2,"minecraft:smoker":1,"tombstone:bag_of_seeds":2,"minecraft:apple":12,"minecraft:iron_pickaxe":524,"minecraft:stone_axe":103,"minecraft:cobblestone":82,"minecraft:cooked_porkchop":10,"biomesoplenty:fir_log":2},"minecraft:dropped":{"biomesoplenty:fir_log":11,"minecraft:cooked_beef":1,"minecraft:baked_potato":2,"born_in_chaos_v1:fried_maggot":7,"paraglider:spirit_orb":4,"minecraft:iron_pickaxe":1,"minecraft:bone":8,"minecraft:gravel":2,"biomesoplenty:toadstool":3,"minecraft:cobbled_deepslate":1,"minecraft:rotten_flesh":5,"supplementaries:antique_ink":1,"supplementaries:ash":8,"tetra:modular_sword":2,"crossbowverhaul:bolt_iron":2,"minecraft:skeleton_skull":2,"minecraft:beetroot_seeds":3,"born_in_chaos_v1:corpse_maggot":2,"born_in_chaos_v1:diamond_termite_shard":4,"tetra:modular_double":1,"minecraft:iron_ingot":31,"born_in_chaos_v1:intoxicating_decoction":1,"born_in_chaos_v1:shattered_skull":1,"minecraft:wheat_seeds":3,"minecraft:poisonous_potato":1,"minecraft:acacia_log":6,"tacz:gun_smith_table":1,"minecraft:coal":42,"minecraft:stick":1,"minecraft:diorite":2,"tombstone:magic_scroll":1,"minecraft:torch":1,"minecraft:zombie_head":1,"tombstone:grave_dust":1,"tacz:modern_kinetic_gun":4,"minecraft:string":2,"minecraft:cocoa_beans":4,"minecraft:torchflower_seeds":6,"minecraft:diamond_sword":2,"minecraft:potato":54,"minecraft:bundle":1,"minecraft:andesite":2,"minecraft:spider_eye":1,"tetra:modular_shield":2,"sophisticatedbackpacks:copper_backpack":1,"minecraft:wooden_pickaxe":2,"simplyswords:iron_warglaive":1},"minecraft:crafted":{"minecraft:oak_planks":56,"minecraft:iron_boots":1,"minecraft:chest":2,"minecraft:cooked_porkchop":10,"minecraft:crafting_table":4,"minecraft:wooden_pickaxe":1,"minecraft:baked_potato":90,"minecraft:iron_helmet":1,"minecraft:copper_ingot":61,"biomesoplenty:fir_planks":48,"minecraft:iron_chestplate":1,"minecraft:shield":1,"minecraft:stick":68,"minecraft:iron_pickaxe":3,"born_in_chaos_v1:smoked_flesh":99,"minecraft:iron_ingot":117,"minecraft:stone_sword":1,"minecraft:wooden_sword":1,"minecraft:furnace":3,"born_in_chaos_v1:smoked_monster_flesh":9,"minecraft:iron_axe":1,"born_in_chaos_v1:fried_maggot":13,"minecraft:stone_pickaxe":1,"tetra:modular_double":2,"minecraft:wheat":36,"minecraft:cooked_beef":4,"minecraft:iron_sword":1,"minecraft:stone_axe":1,"minecraft:bread":13,"minecraft:air":0,"minecraft:torch":116},"minecraft:picked_up":{"minecraft:iron_chestplate":1,"minecraft:anvil":1,"minecraft:smithing_table":1,"born_in_chaos_v1:black_argillite":3,"minecraft:string":9,"minecraft:raw_copper":237,"minecraft:iron_leggings":2,"minecraft:zombie_head":1,"minecraft:gold_nugget":33,"minecraft:cobbled_deepslate":28,"minecraft:rose_bush":1,"tetra:modular_sword":3,"minecraft:iron_pickaxe":2,"crossbowverhaul:bolt_iron":2,"minecraft:iron_boots":2,"minecraft:furnace":11,"minecraft:stick":1,"born_in_chaos_v1:shattered_skull":2,"minecraft:oak_fence":2,"minecraft:torch":40,"minecraft:acacia_log":11,"minecraft:porkchop":14,"tacz:attachment":3,"tombstone:grave_dust":10,"minecraft:diorite":14,"minecraft:rotten_flesh":68,"supplementaries:antique_ink":1,"supplementaries:ash":48,"minecraft:cobblestone":138,"biomesoplenty:lavender":1,"minecraft:birch_log":8,"minecraft:enchanting_table":1,"minecraft:feather":5,"minecraft:lilac":3,"minecraft:andesite":15,"minecraft:jungle_log":1,"minecraft:smoker":1,"minecraft:potato":170,"biomesoplenty:fir_log":39,"paraglider:spirit_orb":5,"minecraft:dirt":15,"minecraft:lapis_lazuli":49,"born_in_chaos_v1:monster_skin":1,"tetra:scroll_rolled":7,"minecraft:bone":48,"minecraft:bow":2,"minecraft:wheat_seeds":3,"minecraft:raw_gold":37,"tacz:gun_smith_table":6,"minecraft:oak_planks":2,"biomesoplenty:toadstool":6,"tetra:modular_double":1,"minecraft:poisonous_potato":1,"simplyswords:iron_greathammer":1,"minecraft:dark_oak_log":2,"minecraft:bundle":2,"minecraft:granite":8,"minecraft:emerald":63,"minecraft:oak_sapling":4,"sophisticatedbackpacks:gold_backpack":1,"minecraft:crafting_table":5,"born_in_chaos_v1:diamond_termite_shard":4,"minecraft:chicken":4,"minecraft:wooden_pickaxe":2,"minecraft:chain":2,"minecraft:wooden_sword":1,"born_in_chaos_v1:intoxicating_decoction":3,"tacz:ammo":420,"minecraft:cracked_stone_bricks":1,"tombstone:scroll_of_unstable_intangibility":1,"born_in_chaos_v1:gnawed_bones":2,"minecraft:chest":5,"minecraft:raw_iron":144,"minecraft:carrot":2,"born_in_chaos_v1:pieceofdarkmetal":3,"minecraft:redstone":53,"minecraft:arrow":16,"minecraft:hay_block":4,"minecraft:polished_blackstone":2,"minecraft:mutton":5,"minecraft:skeleton_skull":2,"minecraft:white_wool":3,"born_in_chaos_v1:corpse_maggot":20,"born_in_chaos_v1:monster_flesh":8,"minecraft:oak_log":31,"minecraft:gunpowder":11,"minecraft:white_banner":2,"minecraft:apple":1,"minecraft:stone_bricks":3,"simplyswords:iron_warglaive":1,"minecraft:iron_ingot":33,"born_in_chaos_v1:smoked_flesh":7,"tombstone:bag_of_seeds":1,"minecraft:book":9,"minecraft:smooth_basalt":1,"born_in_chaos_v1:ethereal_spirit":8,"minecraft:dandelion":2,"tetra:modular_shield":3,"minecraft:torchflower_seeds":3,"minecraft:gravel":4,"minecraft:blast_furnace":1,"minecraft:white_bed":2,"minecraft:spider_eye":3,"minecraft:slime_ball":7,"tetra:geode":1,"tacz:modern_kinetic_gun":6,"minecraft:iron_helmet":2,"minecraft:baked_potato":7,"tombstone:magic_scroll":3,"minecraft:coal":162},"minecraft:mined":{"minecraft:white_bed":2,"sophisticatedbackpacks:gold_backpack":1,"minecraft:granite":8,"minecraft:acacia_log":5,"minecraft:grass_block":2,"tacz:gun_smith_table":5,"minecraft:iron_ore":117,"minecraft:cobbled_deepslate":3,"minecraft:fire":6,"biomesoplenty:lavender":10,"minecraft:deepslate_lapis_ore":6,"minecraft:anvil":1,"minecraft:enchanting_table":1,"biomesoplenty:hanging_cobweb":1,"minecraft:deepslate_redstone_ore":11,"tetra:scroll_rolled":4,"minecraft:smoker":1,"minecraft:blue_stained_glass":4,"biomesoplenty:hanging_cobweb_strand":2,"minecraft:torch":8,"minecraft:blast_furnace":1,"minecraft:chest":5,"minecraft:white_stained_glass_pane":1,"minecraft:cobblestone":24,"minecraft:oak_planks":2,"minecraft:wall_torch":6,"minecraft:deepslate_copper_ore":7,"minecraft:birch_log":4,"biomesoplenty:fir_log":39,"minecraft:grass":31,"minecraft:oak_log":29,"minecraft:dirt":2,"minecraft:oak_leaves":9,"minecraft:deepslate":13,"biomesoplenty:reed":8,"minecraft:light_blue_stained_glass_pane":5,"minecraft:blue_stained_glass_pane":2,"minecraft:deepslate_diamond_ore":1,"born_in_chaos_v1:black_argillite":3,"minecraft:spruce_leaves":1,"minecraft:hay_block":4,"minecraft:redstone_ore":1,"minecraft:furnace":8,"minecraft:carrots":1,"minecraft:andesite":16,"minecraft:bookshelf":3,"minecraft:potatoes":50,"minecraft:deepslate_iron_ore":28,"biomesoplenty:barley":4,"biomesoplenty:spider_egg":1,"minecraft:stone":112,"minecraft:smithing_table":1,"minecraft:glass_pane":2,"minecraft:oak_fence":2,"minecraft:crafting_table":6,"minecraft:rose_bush":2,"minecraft:tall_grass":4,"minecraft:copper_ore":44,"minecraft:lapis_ore":2,"biomesoplenty:sprout":2,"minecraft:deepslate_gold_ore":30,"minecraft:diorite":14,"supplementaries:urn":10,"minecraft:white_wall_banner":1,"minecraft:coal_ore":122,"minecraft:sunflower":2,"minecraft:gravel":3,"minecraft:cracked_stone_bricks":1,"minecraft:stone_bricks":3,"minecraft:gold_ore":10,"minecraft:fern":16},"minecraft:killed_by":{"born_in_chaos_v1:decaying_zombie":1},"minecraft:broken":{"minecraft:iron_boots":2,"minecraft:iron_chestplate":1,"minecraft:iron_leggings":1,"minecraft:stone_axe":1,"minecraft:wooden_pickaxe":1,"minecraft:iron_pickaxe":3,"minecraft:iron_helmet":2},"minecraft:custom":{"minecraft:interact_with_crafting_table":40,"minecraft:open_barrel":6,"minecraft:leave_game":9,"minecraft:time_since_death":5129,"minecraft:sprint_one_cm":2392258,"minecraft:damage_blocked_by_shield":6163,"minecraft:drop":96,"minecraft:play_time":592696,"minecraft:deaths":20,"minecraft:jump":7907,"minecraft:walk_on_water_one_cm":64136,"minecraft:interact_with_furnace":97,"minecraft:sleep_in_bed":5,"minecraft:damage_dealt":37605,"minecraft:player_kills":1,"minecraft:crouch_one_cm":12213,"tombstone:undead_killed":94,"minecraft:interact_with_smoker":20,"minecraft:mob_kills":200,"minecraft:damage_dealt_resisted":1103,"minecraft:climb_one_cm":13909,"minecraft:walk_one_cm":2009222,"minecraft:sneak_time":6840,"minecraft:walk_under_water_one_cm":44955,"minecraft:interact_with_blast_furnace":31,"minecraft:total_world_time":592696,"tombstone:raider_killed":2,"minecraft:time_since_rest":4756,"minecraft:damage_taken":14775,"minecraft:damage_absorbed":3724,"minecraft:swim_one_cm":42417,"minecraft:fly_one_cm":1304684,"minecraft:freezer_opened":2,"minecraft:open_chest":72,"minecraft:fall_one_cm":177279},"minecraft:killed":{"born_in_chaos_v1:zombie_clown":2,"minecraft:witch":1,"born_in_chaos_v1:zombie_lumberjack":5,"born_in_chaos_v1:restless_spirit":7,"born_in_chaos_v1:skeleton_demoman":1,"minecraft:spider":10,"born_in_chaos_v1:siamese_skeletonsright":1,"born_in_chaos_v1:baby_skeleton_minion":2,"born_in_chaos_v1:scarlet_persecutor":1,"minecraft:skeleton":15,"minecraft:chicken":4,"born_in_chaos_v1:skeleton_thrasher":2,"alexsmobs:centipede_head":1,"minecraft:pig":6,"born_in_chaos_v1:diamond_termite":6,"minecraft:creeper":10,"minecraft:sheep":3,"born_in_chaos_v1:zombie_fisherman":1,"minecraft:pillager":1,"minecraft:zombie":48,"born_in_chaos_v1:dread_hound":15,"born_in_chaos_v1:corpse_fly":12,"cave_dweller:cave_dweller":2,"endofherobrine:pigman":1,"born_in_chaos_v1:siamese_skeletonsleft":1,"midnightlurker:midnight_lurker_stalking":1,"minecraft:slime":9,"midnightlurker:midnight_lurker_aggressive":3,"born_in_chaos_v1:zombie_bruiser":1,"born_in_chaos_v1:maggot":4,"minecraft:phantom":1,"minecraft:drowned":1,"midnightlurker:midnight_lurker_runaway":1,"midnightlurker:midnight_lurker_hider":1,"born_in_chaos_v1:baby_skeleton":7,"born_in_chaos_v1:swarmer":1,"born_in_chaos_v1:decrepit_skeleton":6,"alexsmobs:catfish":1,"minecraft:enderman":1}},"DataVersion":3465}