{"stats":{"minecraft:mined":{"minecraft:torch":3,"minecraft:crafting_table":5,"minecraft:grass_block":1,"born_in_chaos_v1:black_argillite":3,"minecraft:chest":2,"minecraft:copper_ore":11,"minecraft:cobblestone":4,"biomesoplenty:sprout":2,"minecraft:deepslate_gold_ore":11,"minecraft:diorite":1,"minecraft:wall_torch":5,"minecraft:deepslate_copper_ore":7,"minecraft:furnace":3,"minecraft:birch_log":4,"minecraft:iron_ore":53,"minecraft:andesite":3,"biomesoplenty:fir_log":39,"minecraft:grass":8,"minecraft:potatoes":14,"minecraft:coal_ore":15,"minecraft:deepslate_iron_ore":7,"minecraft:gravel":2,"minecraft:dirt":1,"minecraft:cracked_stone_bricks":1,"minecraft:gold_ore":5,"minecraft:stone":33,"minecraft:stone_bricks":3,"minecraft:deepslate":7,"biomesoplenty:reed":8,"minecraft:fern":12},"minecraft:broken":{"minecraft:wooden_pickaxe":1},"minecraft:used":{"minecraft:stone_sword":53,"minecraft:stone_pickaxe":36,"minecraft:baked_potato":5,"minecraft:chest":4,"minecraft:wooden_pickaxe":49,"minecraft:shield":38,"minecraft:iron_sword":14,"born_in_chaos_v1:fried_maggot":6,"minecraft:rotten_flesh":4,"minecraft:cracked_stone_bricks":1,"minecraft:torch":24,"minecraft:crafting_table":5,"minecraft:carrot":2,"simplyswords:iron_greathammer":90,"minecraft:wooden_axe":5,"born_in_chaos_v1:smoked_flesh":7,"minecraft:apple":3,"minecraft:iron_pickaxe":114,"born_in_chaos_v1:smoked_monster_flesh":7,"minecraft:stone_axe":42,"minecraft:cobblestone":25,"minecraft:furnace":6,"minecraft:cooked_porkchop":2,"tombstone:gift":5,"minecraft:potato":22,"biomesoplenty:fir_log":2,"minecraft:cobbled_deepslate":5},"minecraft:custom":{"minecraft:interact_with_furnace":46,"minecraft:mob_kills":56,"tombstone:raider_killed":1,"minecraft:interact_with_crafting_table":18,"minecraft:damage_dealt_resisted":87,"minecraft:leave_game":1,"minecraft:time_since_death":9009,"minecraft:time_since_rest":7446,"minecraft:sprint_one_cm":706643,"minecraft:damage_taken":4452,"minecraft:walk_one_cm":659514,"minecraft:damage_blocked_by_shield":1487,"minecraft:drop":24,"minecraft:damage_dealt":9090,"minecraft:fly_one_cm":443851,"minecraft:open_chest":17,"minecraft:crouch_one_cm":4587,"minecraft:play_time":171571,"tombstone:undead_killed":20,"minecraft:deaths":12,"minecraft:sneak_time":1999,"minecraft:walk_under_water_one_cm":8866,"minecraft:jump":2694,"minecraft:interact_with_smoker":3,"minecraft:walk_on_water_one_cm":20469,"minecraft:total_world_time":171571,"minecraft:fall_one_cm":53227},"minecraft:crafted":{"minecraft:cooked_porkchop":2,"minecraft:crafting_table":1,"minecraft:wooden_pickaxe":1,"minecraft:baked_potato":7,"minecraft:iron_sword":1,"minecraft:furnace":1,"minecraft:stone_axe":1,"born_in_chaos_v1:smoked_monster_flesh":7,"minecraft:air":0,"biomesoplenty:fir_planks":48,"minecraft:iron_chestplate":1,"minecraft:shield":1,"born_in_chaos_v1:fried_maggot":6,"minecraft:stick":16,"minecraft:iron_ingot":32,"minecraft:iron_pickaxe":1,"minecraft:stone_pickaxe":1,"minecraft:stone_sword":1,"minecraft:chest":2,"minecraft:torch":12},"minecraft:killed":{"born_in_chaos_v1:zombie_clown":2,"minecraft:pig":2,"minecraft:witch":1,"born_in_chaos_v1:restless_spirit":1,"born_in_chaos_v1:baby_skeleton":2,"minecraft:spider":1,"minecraft:slime":9,"minecraft:creeper":2,"born_in_chaos_v1:scarlet_persecutor":1,"born_in_chaos_v1:baby_skeleton_minion":2,"born_in_chaos_v1:maggot":4,"minecraft:skeleton":5,"minecraft:zombie":9,"born_in_chaos_v1:dread_hound":6,"born_in_chaos_v1:corpse_fly":7,"endofherobrine:pigman":1},"minecraft:dropped":{"biomesoplenty:fir_log":11,"biomesoplenty:toadstool":3,"minecraft:rotten_flesh":5,"paraglider:spirit_orb":4,"minecraft:wooden_pickaxe":2,"minecraft:bone":1},"minecraft:picked_up":{"minecraft:birch_log":4,"born_in_chaos_v1:corpse_maggot":8,"minecraft:crafting_table":4,"born_in_chaos_v1:monster_flesh":1,"minecraft:andesite":2,"minecraft:wooden_pickaxe":2,"minecraft:potato":42,"biomesoplenty:fir_log":39,"paraglider:spirit_orb":4,"born_in_chaos_v1:black_argillite":3,"minecraft:string":2,"minecraft:dirt":2,"minecraft:raw_copper":64,"minecraft:wooden_sword":1,"minecraft:iron_leggings":1,"born_in_chaos_v1:intoxicating_decoction":3,"minecraft:bone":10,"minecraft:stone_bricks":3,"minecraft:cracked_stone_bricks":1,"minecraft:bow":1,"minecraft:wheat_seeds":3,"minecraft:gold_nugget":4,"minecraft:cobbled_deepslate":10,"minecraft:raw_gold":16,"born_in_chaos_v1:smoked_flesh":7,"born_in_chaos_v1:gnawed_bones":1,"minecraft:iron_pickaxe":1,"minecraft:chest":2,"minecraft:iron_boots":1,"minecraft:furnace":5,"biomesoplenty:toadstool":3,"minecraft:raw_iron":58,"minecraft:smooth_basalt":1,"minecraft:torch":14,"born_in_chaos_v1:ethereal_spirit":3,"minecraft:gravel":3,"minecraft:porkchop":6,"tombstone:grave_dust":1,"minecraft:carrot":2,"simplyswords:iron_greathammer":1,"minecraft:spider_eye":1,"minecraft:slime_ball":7,"minecraft:arrow":5,"minecraft:rotten_flesh":15,"tetra:geode":1,"tacz:modern_kinetic_gun":1,"minecraft:iron_helmet":1,"minecraft:emerald":61,"supplementaries:ash":23,"tombstone:magic_scroll":1,"minecraft:coal":23,"minecraft:cobblestone":43}},"DataVersion":3465}