{"stats":{"minecraft:mined":{"minecraft:iron_ore":10,"biomesoplenty:fir_log":39,"minecraft:crafting_table":4,"minecraft:grass":8,"minecraft:coal_ore":15,"minecraft:grass_block":1,"minecraft:dirt":1,"minecraft:cobblestone":2,"minecraft:cracked_stone_bricks":1,"biomesoplenty:sprout":2,"minecraft:stone_bricks":3,"minecraft:stone":23,"minecraft:wall_torch":1,"minecraft:fern":12,"biomesoplenty:reed":8},"minecraft:broken":{"minecraft:wooden_pickaxe":1},"minecraft:used":{"minecraft:wooden_axe":5,"minecraft:apple":1,"minecraft:stone_sword":8,"minecraft:stone_pickaxe":36,"minecraft:shield":1,"minecraft:wooden_pickaxe":49,"minecraft:cracked_stone_bricks":1,"minecraft:stone_axe":35,"minecraft:torch":5,"minecraft:crafting_table":5,"minecraft:furnace":1,"minecraft:cooked_porkchop":2,"minecraft:carrot":2,"tombstone:gift":1,"biomesoplenty:fir_log":2},"minecraft:custom":{"minecraft:time_since_rest":22098,"minecraft:interact_with_furnace":7,"minecraft:sprint_one_cm":261675,"minecraft:damage_taken":1393,"minecraft:walk_one_cm":163432,"minecraft:damage_blocked_by_shield":45,"minecraft:mob_kills":8,"minecraft:drop":13,"minecraft:damage_dealt":1192,"minecraft:interact_with_crafting_table":11,"minecraft:fly_one_cm":135903,"minecraft:open_chest":1,"minecraft:crouch_one_cm":1537,"minecraft:play_time":45571,"tombstone:undead_killed":3,"minecraft:deaths":5,"minecraft:sneak_time":886,"minecraft:walk_under_water_one_cm":7085,"minecraft:jump":630,"minecraft:leave_game":1,"minecraft:time_since_death":22575,"minecraft:walk_on_water_one_cm":10456,"minecraft:total_world_time":45571,"minecraft:fall_one_cm":15016},"minecraft:crafted":{"biomesoplenty:fir_planks":48,"minecraft:cooked_porkchop":2,"minecraft:shield":1,"minecraft:crafting_table":1,"minecraft:stick":12,"minecraft:iron_pickaxe":1,"minecraft:iron_ingot":6,"minecraft:wooden_pickaxe":1,"minecraft:stone_pickaxe":1,"minecraft:furnace":1,"minecraft:stone_sword":1,"minecraft:stone_axe":1},"minecraft:killed":{"minecraft:skeleton":1,"minecraft:zombie":2,"minecraft:pig":2,"born_in_chaos_v1:corpse_fly":1,"endofherobrine:pigman":1,"born_in_chaos_v1:maggot":1},"minecraft:dropped":{"biomesoplenty:fir_log":11,"minecraft:wooden_pickaxe":2},"minecraft:picked_up":{"biomesoplenty:toadstool":3,"minecraft:raw_iron":10,"born_in_chaos_v1:corpse_maggot":1,"minecraft:crafting_table":4,"minecraft:torch":6,"minecraft:wooden_pickaxe":2,"minecraft:potato":3,"biomesoplenty:fir_log":39,"minecraft:porkchop":6,"minecraft:carrot":2,"minecraft:dirt":2,"minecraft:arrow":2,"minecraft:wooden_sword":1,"minecraft:bone":4,"minecraft:rotten_flesh":2,"minecraft:stone_bricks":3,"minecraft:bow":1,"minecraft:cracked_stone_bricks":1,"minecraft:wheat_seeds":3,"minecraft:coal":17,"minecraft:cobblestone":28}},"DataVersion":3465}