{"stats":{"minecraft:picked_up":{"sophisticatedbackpacks:gold_backpack":1,"minecraft:crafting_table":5,"minecraft:iron_chestplate":1,"minecraft:chicken":4,"minecraft:anvil":1,"minecraft:smithing_table":1,"minecraft:wooden_pickaxe":2,"minecraft:chain":2,"born_in_chaos_v1:black_argillite":3,"minecraft:string":9,"minecraft:raw_copper":235,"minecraft:wooden_sword":1,"minecraft:iron_leggings":2,"born_in_chaos_v1:intoxicating_decoction":3,"tacz:ammo":420,"minecraft:cracked_stone_bricks":1,"minecraft:gold_nugget":33,"minecraft:cobbled_deepslate":26,"tombstone:scroll_of_unstable_intangibility":1,"minecraft:rose_bush":1,"born_in_chaos_v1:gnawed_bones":2,"tetra:modular_sword":3,"minecraft:iron_pickaxe":2,"crossbowverhaul:bolt_iron":2,"minecraft:chest":5,"minecraft:iron_boots":2,"minecraft:furnace":11,"minecraft:stick":1,"minecraft:raw_iron":137,"born_in_chaos_v1:shattered_skull":2,"minecraft:oak_fence":2,"minecraft:torch":32,"minecraft:acacia_log":11,"minecraft:porkchop":14,"tacz:attachment":3,"minecraft:diorite":12,"tombstone:grave_dust":10,"born_in_chaos_v1:pieceofdarkmetal":3,"minecraft:carrot":2,"minecraft:redstone":53,"minecraft:arrow":13,"minecraft:rotten_flesh":64,"supplementaries:antique_ink":1,"minecraft:hay_block":4,"minecraft:polished_blackstone":2,"supplementaries:ash":48,"biomesoplenty:lavender":1,"minecraft:mutton":5,"minecraft:white_wool":3,"minecraft:cobblestone":131,"minecraft:birch_log":8,"minecraft:enchanting_table":1,"born_in_chaos_v1:corpse_maggot":17,"minecraft:feather":5,"minecraft:lilac":3,"born_in_chaos_v1:monster_flesh":7,"minecraft:andesite":11,"minecraft:jungle_log":1,"minecraft:smoker":1,"minecraft:potato":170,"biomesoplenty:fir_log":39,"paraglider:spirit_orb":5,"minecraft:oak_log":14,"minecraft:gunpowder":11,"minecraft:lapis_lazuli":49,"minecraft:dirt":6,"minecraft:white_banner":2,"born_in_chaos_v1:monster_skin":1,"tetra:scroll_rolled":7,"minecraft:bone":48,"minecraft:stone_bricks":3,"minecraft:apple":1,"minecraft:bow":2,"minecraft:wheat_seeds":3,"simplyswords:iron_warglaive":1,"minecraft:raw_gold":37,"minecraft:iron_ingot":33,"born_in_chaos_v1:smoked_flesh":7,"tombstone:bag_of_seeds":1,"tacz:gun_smith_table":6,"minecraft:oak_planks":2,"minecraft:book":9,"biomesoplenty:toadstool":6,"minecraft:smooth_basalt":1,"tetra:modular_double":1,"tetra:modular_shield":3,"minecraft:torchflower_seeds":3,"born_in_chaos_v1:ethereal_spirit":8,"minecraft:dandelion":2,"minecraft:poisonous_potato":1,"minecraft:gravel":4,"minecraft:blast_furnace":1,"minecraft:white_bed":2,"simplyswords:iron_greathammer":1,"minecraft:dark_oak_log":2,"minecraft:spider_eye":3,"minecraft:bundle":2,"minecraft:slime_ball":7,"tetra:geode":1,"tacz:modern_kinetic_gun":5,"minecraft:iron_helmet":2,"minecraft:granite":8,"minecraft:emerald":63,"minecraft:baked_potato":7,"tombstone:magic_scroll":3,"minecraft:oak_sapling":2,"minecraft:coal":146},"minecraft:used":{"minecraft:stone_sword":53,"tacz:gun_smith_table":4,"simplyswords:iron_warglaive":237,"minecraft:chest":7,"minecraft:shield":61,"minecraft:iron_sword":50,"born_in_chaos_v1:fried_maggot":6,"minecraft:rotten_flesh":4,"minecraft:iron_chestplate":1,"minecraft:torch":143,"minecraft:dirt":4,"minecraft:anvil":1,"tetra:modular_sword":145,"minecraft:carrot":10,"tetra:scroll_rolled":4,"minecraft:granite":2,"minecraft:wooden_axe":5,"born_in_chaos_v1:smoked_flesh":42,"minecraft:furnace":14,"tombstone:gift":5,"minecraft:cooked_beef":3,"minecraft:potato":84,"minecraft:cobbled_deepslate":6,"sophisticatedbackpacks:gold_backpack":1,"minecraft:baked_potato":95,"tetra:modular_shield":49,"minecraft:stone_pickaxe":36,"minecraft:wooden_pickaxe":49,"minecraft:cracked_stone_bricks":1,"minecraft:crafting_table":9,"minecraft:blast_furnace":1,"tetra:modular_double":2,"minecraft:white_bed":2,"minecraft:smoker":1,"tombstone:bag_of_seeds":2,"simplyswords:iron_greathammer":231,"minecraft:apple":12,"minecraft:bread":17,"minecraft:iron_pickaxe":522,"born_in_chaos_v1:smoked_monster_flesh":9,"minecraft:stone_axe":99,"minecraft:cobblestone":73,"minecraft:cooked_porkchop":10,"biomesoplenty:fir_log":2},"minecraft:broken":{"minecraft:iron_boots":1,"minecraft:iron_chestplate":1,"minecraft:iron_leggings":1,"minecraft:wooden_pickaxe":1,"minecraft:iron_pickaxe":3,"minecraft:iron_helmet":1},"minecraft:custom":{"minecraft:mob_kills":177,"minecraft:interact_with_crafting_table":32,"minecraft:open_barrel":6,"minecraft:damage_dealt_resisted":1073,"minecraft:leave_game":7,"minecraft:time_since_death":128670,"minecraft:climb_one_cm":13909,"minecraft:sprint_one_cm":2220167,"minecraft:walk_one_cm":1780278,"minecraft:damage_blocked_by_shield":5027,"minecraft:drop":87,"minecraft:play_time":504972,"minecraft:sneak_time":4710,"minecraft:deaths":18,"minecraft:walk_under_water_one_cm":24466,"minecraft:jump":6860,"minecraft:interact_with_blast_furnace":29,"minecraft:walk_on_water_one_cm":53417,"minecraft:total_world_time":504972,"minecraft:interact_with_furnace":95,"tombstone:raider_killed":2,"minecraft:sleep_in_bed":2,"minecraft:time_since_rest":22660,"minecraft:damage_absorbed":3724,"minecraft:damage_taken":12371,"minecraft:damage_dealt":32243,"minecraft:swim_one_cm":41070,"minecraft:freezer_opened":2,"minecraft:fly_one_cm":1170923,"minecraft:open_chest":52,"minecraft:crouch_one_cm":10918,"tombstone:undead_killed":89,"minecraft:interact_with_smoker":18,"minecraft:fall_one_cm":154698},"minecraft:mined":{"minecraft:light_blue_stained_glass_pane":5,"minecraft:white_bed":2,"minecraft:blue_stained_glass_pane":2,"minecraft:deepslate_diamond_ore":1,"sophisticatedbackpacks:gold_backpack":1,"minecraft:granite":8,"minecraft:acacia_log":5,"minecraft:grass_block":2,"born_in_chaos_v1:black_argillite":3,"minecraft:spruce_leaves":1,"tacz:gun_smith_table":5,"minecraft:hay_block":4,"minecraft:redstone_ore":1,"minecraft:furnace":8,"minecraft:carrots":1,"minecraft:cobbled_deepslate":1,"minecraft:iron_ore":110,"minecraft:fire":6,"biomesoplenty:lavender":10,"minecraft:andesite":12,"minecraft:deepslate_lapis_ore":6,"minecraft:anvil":1,"minecraft:enchanting_table":1,"biomesoplenty:hanging_cobweb":1,"minecraft:bookshelf":3,"minecraft:potatoes":50,"minecraft:deepslate_iron_ore":28,"biomesoplenty:barley":4,"biomesoplenty:spider_egg":1,"minecraft:stone":107,"minecraft:smithing_table":1,"minecraft:deepslate_redstone_ore":11,"minecraft:glass_pane":2,"tetra:scroll_rolled":4,"minecraft:smoker":1,"minecraft:blue_stained_glass":4,"biomesoplenty:hanging_cobweb_strand":2,"minecraft:oak_fence":2,"minecraft:crafting_table":6,"minecraft:torch":4,"minecraft:blast_furnace":1,"minecraft:chest":5,"minecraft:rose_bush":2,"minecraft:white_stained_glass_pane":1,"minecraft:tall_grass":4,"minecraft:copper_ore":44,"minecraft:cobblestone":22,"minecraft:lapis_ore":2,"biomesoplenty:sprout":2,"minecraft:deepslate_gold_ore":30,"minecraft:oak_planks":2,"supplementaries:urn":9,"minecraft:diorite":13,"minecraft:wall_torch":6,"minecraft:deepslate_copper_ore":7,"minecraft:birch_log":4,"minecraft:white_wall_banner":1,"biomesoplenty:fir_log":39,"minecraft:grass":27,"minecraft:oak_log":12,"minecraft:coal_ore":105,"minecraft:gravel":3,"minecraft:sunflower":2,"minecraft:dirt":2,"minecraft:cracked_stone_bricks":1,"minecraft:stone_bricks":3,"minecraft:gold_ore":10,"minecraft:oak_leaves":8,"minecraft:deepslate":13,"biomesoplenty:reed":8,"minecraft:fern":16},"minecraft:crafted":{"minecraft:oak_planks":56,"minecraft:furnace":3,"born_in_chaos_v1:smoked_monster_flesh":9,"born_in_chaos_v1:fried_maggot":13,"minecraft:stone_pickaxe":1,"minecraft:chest":2,"tetra:modular_double":1,"minecraft:cooked_beef":4,"minecraft:wheat":36,"minecraft:cooked_porkchop":10,"minecraft:crafting_table":4,"minecraft:wooden_pickaxe":1,"minecraft:baked_potato":90,"minecraft:iron_sword":1,"minecraft:copper_ingot":61,"minecraft:stone_axe":1,"minecraft:bread":13,"minecraft:air":0,"biomesoplenty:fir_planks":48,"minecraft:iron_chestplate":1,"minecraft:shield":1,"born_in_chaos_v1:smoked_flesh":35,"minecraft:stick":52,"minecraft:iron_ingot":117,"minecraft:iron_pickaxe":3,"minecraft:stone_sword":1,"minecraft:torch":116},"minecraft:killed_by":{"born_in_chaos_v1:decaying_zombie":1},"minecraft:killed":{"born_in_chaos_v1:zombie_clown":2,"minecraft:witch":1,"born_in_chaos_v1:restless_spirit":7,"born_in_chaos_v1:zombie_lumberjack":5,"born_in_chaos_v1:skeleton_demoman":1,"minecraft:spider":8,"born_in_chaos_v1:siamese_skeletonsright":1,"midnightlurker:midnight_lurker_aggressive":1,"minecraft:slime":9,"born_in_chaos_v1:zombie_bruiser":1,"born_in_chaos_v1:scarlet_persecutor":1,"born_in_chaos_v1:baby_skeleton_minion":2,"born_in_chaos_v1:maggot":4,"minecraft:skeleton":14,"minecraft:chicken":4,"born_in_chaos_v1:skeleton_thrasher":2,"alexsmobs:centipede_head":1,"minecraft:drowned":1,"midnightlurker:midnight_lurker_hider":1,"minecraft:pig":6,"born_in_chaos_v1:baby_skeleton":7,"born_in_chaos_v1:swarmer":1,"minecraft:creeper":9,"born_in_chaos_v1:decrepit_skeleton":6,"minecraft:sheep":3,"alexsmobs:catfish":1,"minecraft:pillager":1,"minecraft:zombie":45,"born_in_chaos_v1:dread_hound":14,"born_in_chaos_v1:corpse_fly":9,"cave_dweller:cave_dweller":2,"endofherobrine:pigman":1,"born_in_chaos_v1:siamese_skeletonsleft":1,"minecraft:enderman":1},"minecraft:dropped":{"biomesoplenty:fir_log":11,"minecraft:iron_ingot":31,"born_in_chaos_v1:intoxicating_decoction":1,"born_in_chaos_v1:shattered_skull":1,"minecraft:wheat_seeds":3,"minecraft:cooked_beef":1,"minecraft:baked_potato":2,"born_in_chaos_v1:fried_maggot":7,"minecraft:poisonous_potato":1,"minecraft:coal":42,"minecraft:acacia_log":6,"tacz:gun_smith_table":1,"paraglider:spirit_orb":4,"minecraft:stick":1,"tombstone:magic_scroll":1,"minecraft:torch":1,"tombstone:grave_dust":1,"tacz:modern_kinetic_gun":4,"minecraft:iron_pickaxe":1,"minecraft:string":2,"minecraft:bone":8,"minecraft:gravel":2,"biomesoplenty:toadstool":3,"minecraft:cobbled_deepslate":1,"minecraft:cocoa_beans":4,"minecraft:rotten_flesh":5,"minecraft:torchflower_seeds":6,"supplementaries:antique_ink":1,"minecraft:diamond_sword":2,"supplementaries:ash":8,"tetra:modular_sword":2,"minecraft:potato":54,"crossbowverhaul:bolt_iron":2,"minecraft:bundle":1,"minecraft:beetroot_seeds":3,"minecraft:andesite":2,"born_in_chaos_v1:corpse_maggot":2,"tetra:modular_shield":2,"minecraft:spider_eye":1,"tetra:modular_double":1,"sophisticatedbackpacks:copper_backpack":1,"minecraft:wooden_pickaxe":2,"simplyswords:iron_warglaive":1}},"DataVersion":3465}