{"stats":{"minecraft:mined":{"minecraft:torch":3,"minecraft:crafting_table":5,"minecraft:grass_block":1,"minecraft:chest":2,"minecraft:cobblestone":2,"biomesoplenty:sprout":2,"minecraft:deepslate_gold_ore":11,"minecraft:wall_torch":4,"minecraft:deepslate_copper_ore":7,"minecraft:furnace":3,"minecraft:iron_ore":21,"biomesoplenty:fir_log":39,"minecraft:grass":8,"minecraft:coal_ore":15,"minecraft:deepslate_iron_ore":6,"minecraft:gravel":2,"minecraft:dirt":1,"minecraft:cracked_stone_bricks":1,"minecraft:stone":23,"minecraft:stone_bricks":3,"minecraft:deepslate":2,"biomesoplenty:reed":8,"minecraft:fern":12},"minecraft:broken":{"minecraft:wooden_pickaxe":1},"minecraft:used":{"minecraft:stone_sword":53,"minecraft:stone_pickaxe":36,"minecraft:baked_potato":1,"minecraft:chest":4,"minecraft:wooden_pickaxe":49,"minecraft:shield":24,"minecraft:iron_sword":6,"born_in_chaos_v1:fried_maggot":6,"minecraft:rotten_flesh":4,"minecraft:cracked_stone_bricks":1,"minecraft:torch":21,"minecraft:crafting_table":5,"minecraft:carrot":2,"simplyswords:iron_greathammer":34,"minecraft:wooden_axe":5,"born_in_chaos_v1:smoked_flesh":7,"minecraft:apple":3,"minecraft:iron_pickaxe":41,"minecraft:stone_axe":38,"minecraft:cobblestone":14,"minecraft:furnace":6,"minecraft:cooked_porkchop":2,"tombstone:gift":5,"minecraft:potato":3,"biomesoplenty:fir_log":2,"minecraft:cobbled_deepslate":5},"minecraft:custom":{"minecraft:interact_with_furnace":31,"minecraft:mob_kills":36,"tombstone:raider_killed":1,"minecraft:interact_with_crafting_table":18,"minecraft:damage_dealt_resisted":87,"minecraft:leave_game":1,"minecraft:time_since_death":3359,"minecraft:time_since_rest":961,"minecraft:sprint_one_cm":522203,"minecraft:damage_taken":3246,"minecraft:walk_one_cm":472270,"minecraft:damage_blocked_by_shield":591,"minecraft:drop":18,"minecraft:damage_dealt":5470,"minecraft:fly_one_cm":310471,"minecraft:open_chest":7,"minecraft:crouch_one_cm":3652,"minecraft:play_time":123571,"tombstone:undead_killed":14,"minecraft:deaths":9,"minecraft:sneak_time":1541,"minecraft:walk_under_water_one_cm":8797,"minecraft:jump":1808,"minecraft:walk_on_water_one_cm":15601,"minecraft:total_world_time":123571,"minecraft:fall_one_cm":39657},"minecraft:crafted":{"minecraft:cooked_porkchop":2,"minecraft:crafting_table":1,"minecraft:wooden_pickaxe":1,"minecraft:baked_potato":1,"minecraft:iron_sword":1,"minecraft:furnace":1,"minecraft:stone_axe":1,"minecraft:air":0,"biomesoplenty:fir_planks":48,"minecraft:iron_chestplate":1,"minecraft:shield":1,"born_in_chaos_v1:fried_maggot":6,"minecraft:stick":16,"minecraft:iron_ingot":15,"minecraft:iron_pickaxe":1,"minecraft:stone_pickaxe":1,"minecraft:stone_sword":1,"minecraft:chest":2,"minecraft:torch":12},"minecraft:killed":{"born_in_chaos_v1:zombie_clown":1,"minecraft:pig":2,"minecraft:witch":1,"born_in_chaos_v1:restless_spirit":1,"born_in_chaos_v1:baby_skeleton":2,"minecraft:spider":1,"minecraft:creeper":1,"born_in_chaos_v1:baby_skeleton_minion":2,"born_in_chaos_v1:maggot":2,"minecraft:skeleton":3,"minecraft:zombie":6,"born_in_chaos_v1:dread_hound":6,"born_in_chaos_v1:corpse_fly":6,"endofherobrine:pigman":1},"minecraft:dropped":{"biomesoplenty:fir_log":11,"biomesoplenty:toadstool":3,"paraglider:spirit_orb":4,"minecraft:wooden_pickaxe":2},"minecraft:picked_up":{"born_in_chaos_v1:corpse_maggot":6,"minecraft:crafting_table":4,"born_in_chaos_v1:monster_flesh":1,"minecraft:wooden_pickaxe":2,"minecraft:potato":3,"biomesoplenty:fir_log":39,"paraglider:spirit_orb":4,"minecraft:string":2,"minecraft:dirt":2,"minecraft:raw_copper":23,"minecraft:wooden_sword":1,"minecraft:iron_leggings":1,"born_in_chaos_v1:intoxicating_decoction":2,"minecraft:bone":8,"minecraft:stone_bricks":3,"minecraft:cracked_stone_bricks":1,"minecraft:bow":1,"minecraft:wheat_seeds":3,"minecraft:gold_nugget":4,"minecraft:cobbled_deepslate":5,"minecraft:raw_gold":11,"born_in_chaos_v1:smoked_flesh":7,"born_in_chaos_v1:gnawed_bones":1,"minecraft:iron_pickaxe":1,"minecraft:chest":2,"minecraft:iron_boots":1,"minecraft:furnace":5,"biomesoplenty:toadstool":3,"minecraft:raw_iron":27,"minecraft:smooth_basalt":1,"minecraft:torch":12,"born_in_chaos_v1:ethereal_spirit":2,"minecraft:gravel":2,"minecraft:porkchop":6,"minecraft:carrot":2,"simplyswords:iron_greathammer":1,"minecraft:spider_eye":1,"minecraft:arrow":4,"minecraft:rotten_flesh":9,"tetra:geode":1,"minecraft:iron_helmet":1,"minecraft:emerald":61,"supplementaries:ash":23,"tombstone:magic_scroll":1,"minecraft:coal":23,"minecraft:cobblestone":32}},"DataVersion":3465}