{
  "handcrafted:recipes/misc/spruce_counter": {
    "criteria": {
      "has_spruce_counter": "2024-07-10 06:32:27 +0000"
    },
    "done": true
  },
  "pfm:recipes/furniture/stripped_spruce_kitchen_wall_small_drawer": {
    "criteria": {
      "has_planks": "2024-07-10 06:32:20 +0000"
    },
    "done": true
  },
  "stellarity:cursed_tome/root": {
    "criteria": {
      "requirement": "2024-07-10 06:20:18 +0000"
    },
    "done": true
  },
  "handcrafted:recipes/misc/spruce_table": {
    "criteria": {
      "has_spruce_table": "2024-07-10 06:32:27 +0000"
    },
    "done": true
  },
  "minecraft:recipes/decorations/crafting_table": {
    "criteria": {
      "unlock_right_away": "2024-07-10 06:20:18 +0000"
    },
    "done": true
  },
  "minecraft:recipes/misc/stick": {
    "criteria": {
      "has_planks": "2024-07-10 06:32:27 +0000"
    },
    "done": true
  },
  "minecraft:recipes/redstone/tripwire_hook": {
    "criteria": {
      "has_string": "2024-07-10 06:31:51 +0000"
    },
    "done": true
  },
  "adorabuild_structures:overworld_structures": {
    "criteria": {
      "always": "2024-07-10 06:20:18 +0000"
    },
    "done": true
  },
  "pfm:recipes/root": {
    "criteria": {
      "has_planks": "2024-07-10 06:32:27 +0000"
    },
    "done": true
  },
  "minecraft:recipes/decorations/candle": {
    "criteria": {
      "has_string": "2024-07-10 06:31:51 +0000"
    },
    "done": true
  },
  "handcrafted:recipes/misc/spruce_dining_bench": {
    "criteria": {
      "has_spruce_dining_bench": "2024-07-10 06:32:27 +0000"
    },
    "done": true
  },
  "pfm:recipes/furniture/stripped_spruce_chair_classic": {
    "criteria": {
      "has_planks": "2024-07-10 06:32:20 +0000"
    },
    "done": true
  },
  "pfm:grant_book_on_first_join": {
    "criteria": {
      "tick": "2024-07-10 06:20:18 +0000"
    },
    "done": true
  },
  "minecraft:recipes/building_blocks/stripped_spruce_wood": {
    "criteria": {
      "has_log": "2024-07-10 06:32:20 +0000"
    },
    "done": true
  },
  "handcrafted:recipes/misc/bear_trophy": {
    "criteria": {
      "has_bear_trophy": "2024-07-10 06:32:27 +0000"
    },
    "done": true
  },
  "minecraft:recipes/redstone/spruce_button": {
    "criteria": {
      "has_planks": "2024-07-10 06:32:27 +0000"
    },
    "done": true
  },
  "pfm:recipes/furniture/spruce_simple_stool": {
    "criteria": {
      "has_planks": "2024-07-10 06:32:27 +0000"
    },
    "done": true
  },
  "tetra:recipes/planks": {
    "criteria": {
      "got_wood": "2024-07-10 06:32:27 +0000"
    },
    "done": true
  },
  "pfm:recipes/furniture/stripped_spruce_table_dinner": {
    "criteria": {
      "has_planks": "2024-07-10 06:32:20 +0000"
    },
    "done": true
  },
  "pfm:recipes/furniture/stripped_spruce_table_modern_dinner": {
    "criteria": {
      "has_planks": "2024-07-10 06:32:20 +0000"
    },
    "done": true
  },
  "supplementaries:recipes/bubble_blower": {
    "criteria": {
      "has_iron_nugget": "2024-07-10 06:31:34 +0000"
    },
    "done": true
  },
  "biomesoplenty:biomesoplenty/root": {
    "criteria": {
      "fir_clearing": "2024-07-10 06:20:19 +0000"
    },
    "done": true
  },
  "handcrafted:recipes/misc/goat_trophy": {
    "criteria": {
      "has_goat_trophy": "2024-07-10 06:32:27 +0000"
    },
    "done": true
  },
  "supplementaries:recipes/turn_table": {
    "criteria": {
      "minecraft:planks": "2024-07-10 06:32:27 +0000"
    },
    "done": true
  },
  "watching:main/didnt_notice_herobrine": {
    "criteria": {
      "requirement": "2024-07-10 06:21:03 +0000"
    },
    "done": true
  },
  "pfm:recipes/furniture/stripped_spruce_table_basic": {
    "criteria": {
      "has_planks": "2024-07-10 06:32:20 +0000"
    },
    "done": true
  },
  "pfm:recipes/furniture/stripped_spruce_chair_modern": {
    "criteria": {
      "has_planks": "2024-07-10 06:32:20 +0000"
    },
    "done": true
  },
  "pfm:recipes/furniture/spruce_table_modern_dinner": {
    "criteria": {
      "has_planks": "2024-07-10 06:32:27 +0000"
    },
    "done": true
  },
  "handcrafted:recipes/misc/spruce_corner_trim": {
    "criteria": {
      "has_spruce_corner_trim": "2024-07-10 06:32:27 +0000"
    },
    "done": true
  },
  "handcrafted:recipes/misc/blaze_trophy": {
    "criteria": {
      "has_blaze_trophy": "2024-07-10 06:32:27 +0000"
    },
    "done": true
  },
  "handcrafted:recipes/misc/spruce_desk": {
    "criteria": {
      "has_spruce_desk": "2024-07-10 06:32:27 +0000"
    },
    "done": true
  },
  "minecraft:recipes/misc/iron_ingot_from_nuggets": {
    "criteria": {
      "has_iron_nugget": "2024-07-10 06:31:34 +0000"
    },
    "done": true
  },
  "handcrafted:recipes/misc/wolf_trophy": {
    "criteria": {
      "has_wolf_trophy": "2024-07-10 06:32:27 +0000"
    },
    "done": true
  },
  "minecraft:recipes/combat/bow": {
    "criteria": {
      "has_string": "2024-07-10 06:31:51 +0000"
    },
    "done": true
  },
  "alexsmobs:alexsmobs/root": {
    "criteria": {
      "useitem": "2024-07-10 06:22:40 +0000"
    },
    "done": true
  },
  "minecraft:recipes/decorations/spruce_sign": {
    "criteria": {
      "has_planks": "2024-07-10 06:32:27 +0000"
    },
    "done": true
  },
  "pfm:recipes/furniture/stripped_spruce_kitchen_counter": {
    "criteria": {
      "has_planks": "2024-07-10 06:32:20 +0000"
    },
    "done": true
  },
  "supplementaries:recipes/bed_from_feather_block": {
    "criteria": {
      "minecraft:planks": "2024-07-10 06:32:27 +0000"
    },
    "done": true
  },
  "supplementaries:recipes/decorations/sign_post_spruce": {
    "criteria": {
      "has_planks": "2024-07-10 06:32:27 +0000"
    },
    "done": true
  },
  "handcrafted:recipes/misc/spider_trophy": {
    "criteria": {
      "has_spider_trophy": "2024-07-10 06:32:27 +0000"
    },
    "done": true
  },
  "supplementaries:recipes/iron_gate": {
    "criteria": {
      "has_iron_nugget": "2024-07-10 06:31:34 +0000"
    },
    "done": true
  },
  "pfm:recipes/furniture/stripped_spruce_kitchen_sink": {
    "criteria": {
      "has_planks": "2024-07-10 06:32:20 +0000"
    },
    "done": true
  },
  "supplementaries:recipes/notice_board": {
    "criteria": {
      "minecraft:planks": "2024-07-10 06:32:27 +0000"
    },
    "done": true
  },
  "pfm:recipes/furniture/stripped_spruce_chair_dinner": {
    "criteria": {
      "has_planks": "2024-07-10 06:32:20 +0000"
    },
    "done": true
  },
  "handcrafted:recipes/misc/spruce_drawer": {
    "criteria": {
      "has_spruce_drawer": "2024-07-10 06:32:27 +0000"
    },
    "done": true
  },
  "crossbowverhaul:recipes/combat/crossbow_netherite": {
    "criteria": {
      "has_crossbow": "2024-07-10 06:20:18 +0000"
    },
    "done": true
  },
  "minecraft:recipes/redstone/spruce_trapdoor": {
    "criteria": {
      "has_planks": "2024-07-10 06:32:27 +0000"
    },
    "done": true
  },
  "pfm:recipes/furniture/spruce_table_classic": {
    "criteria": {
      "has_planks": "2024-07-10 06:32:27 +0000"
    },
    "done": true
  },
  "pfm:recipes/furniture/stripped_spruce_simple_stool": {
    "criteria": {
      "has_planks": "2024-07-10 06:32:20 +0000"
    },
    "done": true
  },
  "handcrafted:recipes/misc/spruce_fancy_bed": {
    "criteria": {
      "has_spruce_fancy_bed": "2024-07-10 06:32:27 +0000"
    },
    "done": true
  },
  "handcrafted:recipes/misc/spruce_cupboard": {
    "criteria": {
      "has_spruce_cupboard": "2024-07-10 06:32:27 +0000"
    },
    "done": true
  },
  "crossbowverhaul:recipes/combat/bolt_netherite": {
    "criteria": {
      "has_feather": "2024-07-10 06:20:18 +0000"
    },
    "done": true
  },
  "pfm:recipes/furniture/spruce_chair": {
    "criteria": {
      "has_planks": "2024-07-10 06:32:27 +0000"
    },
    "done": true
  },
  "pfm:recipes/furniture/stripped_spruce_chair": {
    "criteria": {
      "has_planks": "2024-07-10 06:32:20 +0000"
    },
    "done": true
  },
  "pfm:recipes/furniture/stripped_spruce_table_classic": {
    "criteria": {
      "has_planks": "2024-07-10 06:32:20 +0000"
    },
    "done": true
  },
  "handcrafted:recipes/misc/skeleton_horse_trophy": {
    "criteria": {
      "has_skeleton_horse_trophy": "2024-07-10 06:32:27 +0000"
    },
    "done": true
  },
  "handcrafted:recipes/misc/wither_skeleton_trophy": {
    "criteria": {
      "has_wither_skeleton_trophy": "2024-07-10 06:32:27 +0000"
    },
    "done": true
  },
  "pfm:recipes/furniture/spruce_table_dinner": {
    "criteria": {
      "has_planks": "2024-07-10 06:32:27 +0000"
    },
    "done": true
  },
  "pfm:recipes/furniture/spruce_classic_stool": {
    "criteria": {
      "has_planks": "2024-07-10 06:32:27 +0000"
    },
    "done": true
  },
  "tetra:recipes/string": {
    "criteria": {
      "got_string": "2024-07-10 06:31:51 +0000"
    },
    "done": true
  },
  "supplementaries:recipes/lock_block": {
    "criteria": {
      "minecraft:planks": "2024-07-10 06:32:27 +0000"
    },
    "done": true
  },
  "handcrafted:recipes/misc/spruce_shelf": {
    "criteria": {
      "has_spruce_shelf": "2024-07-10 06:32:27 +0000"
    },
    "done": true
  },
  "pfm:recipes/furniture/stripped_spruce_classic_nightstand": {
    "criteria": {
      "has_planks": "2024-07-10 06:32:20 +0000"
    },
    "done": true
  },
  "supplementaries:recipes/bomb": {
    "criteria": {
      "has_string": "2024-07-10 06:31:51 +0000"
    },
    "done": true
  },
  "minecraft:recipes/decorations/spruce_hanging_sign": {
    "criteria": {
      "has_stripped_logs": "2024-07-10 06:32:20 +0000"
    },
    "done": true
  },
  "handcrafted:recipes/misc/salmon_trophy": {
    "criteria": {
      "has_salmon_trophy": "2024-07-10 06:32:27 +0000"
    },
    "done": true
  },
  "minecraft:recipes/decorations/spruce_fence": {
    "criteria": {
      "has_planks": "2024-07-10 06:32:27 +0000"
    },
    "done": true
  },
  "handcrafted:recipes/misc/silverfish_trophy": {
    "criteria": {
      "has_silverfish_trophy": "2024-07-10 06:32:27 +0000"
    },
    "done": true
  },
  "supplementaries:recipes/sign_post_spruce": {
    "criteria": {
      "has_the_recipe": "2024-07-10 06:32:27 +0000"
    },
    "done": true
  },
  "stellarity:dragons_den/cursed_tome/root": {
    "criteria": {
      "requirement": "2024-07-10 06:20:18 +0000"
    },
    "done": true
  },
  "chiselsandbits:recipes/tools/bit_storage": {
    "criteria": {
      "has_l": "2024-07-10 06:32:20 +0000"
    },
    "done": true
  },
  "minecraft:recipes/redstone/spruce_pressure_plate": {
    "criteria": {
      "has_planks": "2024-07-10 06:32:27 +0000"
    },
    "done": true
  },
  "handcrafted:recipes/misc/spruce_pillar_trim": {
    "criteria": {
      "has_spruce_pillar_trim": "2024-07-10 06:32:27 +0000"
    },
    "done": true
  },
  "minecraft:recipes/decorations/lantern": {
    "criteria": {
      "has_iron_nugget": "2024-07-10 06:31:34 +0000"
    },
    "done": true
  },
  "crossbowverhaul:recipes/combat/bolt_explosive": {
    "criteria": {
      "has_blazepowder": "2024-07-10 06:20:18 +0000",
      "has_bolt": "2024-07-10 06:20:18 +0000"
    },
    "done": true
  },
  "minecraft:recipes/misc/charcoal": {
    "criteria": {
      "has_log": "2024-07-10 06:32:20 +0000"
    },
    "done": true
  },
  "pfm:recipes/furniture/spruce_chair_classic": {
    "criteria": {
      "has_planks": "2024-07-10 06:32:27 +0000"
    },
    "done": true
  },
  "supplementaries:recipes/slingshot": {
    "criteria": {
      "has_string": "2024-07-10 06:31:51 +0000"
    },
    "done": true
  },
  "pfm:recipes/furniture/stripped_spruce_table_log": {
    "criteria": {
      "has_log": "2024-07-10 06:32:20 +0000"
    },
    "done": true
  },
  "pfm:recipes/furniture/stripped_spruce_kitchen_counter_oven": {
    "criteria": {
      "has_planks": "2024-07-10 06:32:20 +0000"
    },
    "done": true
  },
  "pfm:recipes/furniture/spruce_chair_dinner": {
    "criteria": {
      "has_planks": "2024-07-10 06:32:27 +0000"
    },
    "done": true
  },
  "endofherobrine:story/root": {
    "criteria": {
      "requirement": "2024-07-10 06:30:22 +0000"
    },
    "done": true
  },
  "supplementaries:recipes/clock_block": {
    "criteria": {
      "minecraft:planks": "2024-07-10 06:32:27 +0000"
    },
    "done": true
  },
  "minecraft:recipes/combat/crossbow": {
    "criteria": {
      "has_bow": "2024-07-10 06:20:18 +0000"
    },
    "done": true
  },
  "minecraft:recipes/decorations/barrel": {
    "criteria": {
      "has_planks": "2024-07-10 06:32:27 +0000"
    },
    "done": true
  },
  "chiselsandbits:recipes/tools/chiseled_printer": {
    "criteria": {
      "has_l": "2024-07-10 06:32:20 +0000"
    },
    "done": true
  },
  "parcool:grant_parcool_guide": {
    "criteria": {
      "tick": "2024-07-10 06:20:18 +0000"
    },
    "done": true
  },
  "pfm:recipes/furniture/spruce_simple_bunk_ladder": {
    "criteria": {
      "has_planks": "2024-07-10 06:32:27 +0000"
    },
    "done": true
  },
  "supplementaries:recipes/sack": {
    "criteria": {
      "has_string": "2024-07-10 06:31:51 +0000"
    },
    "done": true
  },
  "tombstone:adventure/root": {
    "criteria": {
      "auto": "2024-07-10 06:20:19 +0000"
    },
    "done": true
  },
  "pfm:recipes/furniture/spruce_table_log": {
    "criteria": {
      "has_log": "2024-07-10 06:32:27 +0000"
    },
    "done": true
  },
  "watching:main/spotted_herobrine": {
    "criteria": {
      "requirement": "2024-07-10 06:21:49 +0000"
    },
    "done": true
  },
  "pfm:recipes/furniture/stripped_spruce_kitchen_wall_counter": {
    "criteria": {
      "has_planks": "2024-07-10 06:32:20 +0000"
    },
    "done": true
  },
  "chiselsandbits:recipes/tools/measuring_tape": {
    "criteria": {
      "has_s": "2024-07-10 06:31:51 +0000"
    },
    "done": true
  },
  "pfm:recipes/furniture/stripped_spruce_kitchen_wall_drawer": {
    "criteria": {
      "has_planks": "2024-07-10 06:32:20 +0000"
    },
    "done": true
  },
  "chiselsandbits:recipes/tools/modification_table": {
    "criteria": {
      "has_n": "2024-07-10 06:31:34 +0000"
    },
    "done": true
  },
  "minecraft:recipes/tools/fishing_rod": {
    "criteria": {
      "has_string": "2024-07-10 06:31:51 +0000"
    },
    "done": true
  },
  "pfm:recipes/furniture/stripped_spruce_raw_table_log": {
    "criteria": {
      "has_log": "2024-07-10 06:32:20 +0000"
    },
    "done": true
  },
  "biomesoplenty:biomesoplenty/all_biomes": {
    "criteria": {
      "fir_clearing": "2024-07-10 06:20:19 +0000"
    },
    "done": false
  },
  "minecraft:recipes/decorations/chain": {
    "criteria": {
      "has_iron_nugget": "2024-07-10 06:31:34 +0000"
    },
    "done": true
  },
  "supplementaries:recipes/sconce": {
    "criteria": {
      "has_iron_nugget": "2024-07-10 06:31:34 +0000"
    },
    "done": true
  },
  "supplementaries:recipes/speaker_block": {
    "criteria": {
      "minecraft:planks": "2024-07-10 06:32:27 +0000"
    },
    "done": true
  },
  "handcrafted:recipes/misc/fox_trophy": {
    "criteria": {
      "has_fox_trophy": "2024-07-10 06:32:27 +0000"
    },
    "done": true
  },
  "pfm:recipes/furniture/stripped_spruce_modern_stool": {
    "criteria": {
      "has_planks": "2024-07-10 06:32:20 +0000"
    },
    "done": true
  },
  "handcrafted:recipes/misc/spruce_couch": {
    "criteria": {
      "has_spruce_couch": "2024-07-10 06:32:27 +0000"
    },
    "done": true
  },
  "minecraft:husbandry/root": {
    "criteria": {
      "consumed_item": "2024-07-10 06:22:40 +0000"
    },
    "done": true
  },
  "minecraft:recipes/building_blocks/spruce_slab": {
    "criteria": {
      "has_planks": "2024-07-10 06:32:27 +0000"
    },
    "done": true
  },
  "cataclysm:root": {
    "criteria": {
      "custom_test_name": "2024-07-10 06:20:18 +0000"
    },
    "done": true
  },
  "handcrafted:recipes/misc/tropical_fish_trophy": {
    "criteria": {
      "has_tropical_fish_trophy": "2024-07-10 06:32:27 +0000"
    },
    "done": true
  },
  "pfm:recipes/furniture/stripped_spruce_kitchen_cabinet": {
    "criteria": {
      "has_planks": "2024-07-10 06:32:20 +0000"
    },
    "done": true
  },
  "supplementaries:recipes/goblet": {
    "criteria": {
      "has_iron_nugget": "2024-07-10 06:31:34 +0000"
    },
    "done": true
  },
  "pfm:recipes/furniture/stripped_spruce_kitchen_drawer": {
    "criteria": {
      "has_planks": "2024-07-10 06:32:20 +0000"
    },
    "done": true
  },
  "minecraft:recipes/building_blocks/spruce_planks": {
    "criteria": {
      "has_logs": "2024-07-10 06:32:20 +0000"
    },
    "done": true
  },
  "handcrafted:recipes/misc/spruce_nightstand": {
    "criteria": {
      "has_spruce_nightstand": "2024-07-10 06:32:27 +0000"
    },
    "done": true
  },
  "handcrafted:recipes/misc/pufferfish_trophy": {
    "criteria": {
      "has_pufferfish_trophy": "2024-07-10 06:32:27 +0000"
    },
    "done": true
  },
  "handcrafted:recipes/misc/spruce_bench": {
    "criteria": {
      "has_spruce_bench": "2024-07-10 06:32:27 +0000"
    },
    "done": true
  },
  "pfm:recipes/furniture/spruce_classic_nightstand": {
    "criteria": {
      "has_planks": "2024-07-10 06:32:27 +0000"
    },
    "done": true
  },
  "pfm:recipes/furniture/spruce_modern_stool": {
    "criteria": {
      "has_planks": "2024-07-10 06:32:27 +0000"
    },
    "done": true
  },
  "chiselsandbits:recipes/tools/wrench": {
    "criteria": {
      "has_p": "2024-07-10 06:32:27 +0000"
    },
    "done": true
  },
  "minecraft:recipes/redstone/spruce_door": {
    "criteria": {
      "has_planks": "2024-07-10 06:32:27 +0000"
    },
    "done": true
  },
  "minecraft:recipes/redstone/spruce_fence_gate": {
    "criteria": {
      "has_planks": "2024-07-10 06:32:27 +0000"
    },
    "done": true
  },
  "pfm:recipes/furniture/spruce_table_basic": {
    "criteria": {
      "has_planks": "2024-07-10 06:32:27 +0000"
    },
    "done": true
  },
  "watching:main/root": {
    "criteria": {
      "requirement": "2024-07-10 06:20:19 +0000"
    },
    "done": true
  },
  "minecraft:recipes/building_blocks/white_wool_from_string": {
    "criteria": {
      "has_string": "2024-07-10 06:31:51 +0000"
    },
    "done": true
  },
  "pfm:recipes/furniture/stripped_spruce_classic_stool": {
    "criteria": {
      "has_planks": "2024-07-10 06:32:20 +0000"
    },
    "done": true
  },
  "handcrafted:recipes/misc/spruce_chair": {
    "criteria": {
      "has_spruce_chair": "2024-07-10 06:32:27 +0000"
    },
    "done": true
  },
  "supplementaries:recipes/pulley": {
    "criteria": {
      "minecraft:planks": "2024-07-10 06:32:27 +0000"
    },
    "done": true
  },
  "supplementaries:recipes/sconce_soul": {
    "criteria": {
      "has_iron_nugget": "2024-07-10 06:31:34 +0000"
    },
    "done": true
  },
  "minecraft:recipes/building_blocks/spruce_stairs": {
    "criteria": {
      "has_planks": "2024-07-10 06:32:27 +0000"
    },
    "done": true
  },
  "minecraft:recipes/decorations/loom": {
    "criteria": {
      "has_string": "2024-07-10 06:31:51 +0000"
    },
    "done": true
  },
  "pfm:recipes/furniture/spruce_chair_modern": {
    "criteria": {
      "has_planks": "2024-07-10 06:32:27 +0000"
    },
    "done": true
  },
  "handcrafted:recipes/misc/spruce_side_table": {
    "criteria": {
      "has_spruce_side_table": "2024-07-10 06:32:27 +0000"
    },
    "done": true
  },
  "DataVersion": 3465
}